datetime,acc_x,acc_y,acc_z,gyro_x,gyro_y,gyro_z
2020-03-10 16:02:01.414167,0.009000000000000001,-0.007,1.031,0.21,0.49,1.05
2020-03-10 16:02:01.414258,0.01,-0.005,1.031,0.21,0.49,1.05
2020-03-10 16:02:01.414345,0.011,-0.006,1.029,0.21,0.49,1.05
2020-03-10 16:02:01.414442,0.011,-0.006,1.027,0.21,0.49,1.05
2020-03-10 16:02:01.414460,0.011,-0.006,1.03,0.21,0.49,1.05
2020-03-10 16:02:01.450158,0.01,-0.005,1.03,0.21,0.56,1.05
2020-03-10 16:02:01.465585,0.01,-0.006,1.031,0.21,0.49,1.05
2020-03-10 16:02:01.486054,0.01,-0.005,1.03,0.21,0.49,1.05
2020-03-10 16:02:01.501430,0.01,-0.007,1.03,0.21,0.56,1.05
2020-03-10 16:02:01.516802,0.011,-0.005,1.029,0.21,0.49,1.05
2020-03-10 16:02:01.521967,0.009000000000000001,-0.007,1.03,0.28,0.49,1.05
2020-03-10 16:02:01.527099,0.01,-0.006,1.03,0.28,0.56,1.05
2020-03-10 16:02:01.532310,0.01,-0.007,1.03,0.21,0.49,1.05
2020-03-10 16:02:01.532391,0.011,-0.006,1.029,0.21,0.49,1.05
2020-03-10 16:02:01.537611,0.011,-0.005,1.028,0.21,0.49,1.05
2020-03-10 16:02:01.550395,0.01,-0.007,1.03,0.21,0.49,1.05
2020-03-10 16:02:01.550481,0.01,-0.005,1.029,0.21,0.49,1.05
2020-03-10 16:02:01.565870,0.011,-0.007,1.03,0.21,0.56,1.05
2020-03-10 16:02:01.586293,0.01,-0.006,1.032,0.21,0.56,1.05
2020-03-10 16:02:01.596565,0.01,-0.005,1.029,0.21,0.56,1.05
2020-03-10 16:02:01.606855,0.01,-0.005,1.032,0.21,0.49,1.05
2020-03-10 16:02:01.622299,0.01,-0.005,1.03,0.21,0.56,1.05
2020-03-10 16:02:01.637616,0.01,-0.006,1.03,0.21,0.56,1.05
2020-03-10 16:02:01.648018,0.01,-0.007,1.03,0.21,0.56,1.05
2020-03-10 16:02:01.648077,0.01,-0.006,1.031,0.21,0.49,1.05
2020-03-10 16:02:01.678827,0.011,-0.006,1.031,0.21,0.49,1.05
2020-03-10 16:02:01.689139,0.01,-0.006,1.031,0.21,0.49,0.98
2020-03-10 16:02:01.694457,0.01,-0.007,1.03,0.21,0.56,1.12
2020-03-10 16:02:01.709779,0.011,-0.006,1.03,0.21,0.56,1.05
2020-03-10 16:02:01.725186,0.01,-0.006,1.031,0.21,0.49,1.05
2020-03-10 16:02:01.730405,0.01,-0.006,1.032,0.21,0.49,1.05
2020-03-10 16:02:01.730478,0.01,-0.005,1.032,0.21,0.49,1.05
2020-03-10 16:02:01.735636,0.01,-0.006,1.032,0.21,0.49,1.05
2020-03-10 16:02:01.740860,0.01,-0.006,1.029,0.21,0.56,1.05
2020-03-10 16:02:01.756224,0.01,-0.006,1.03,0.21,0.49,1.05
2020-03-10 16:02:01.756366,0.01,-0.006,1.031,0.21,0.49,1.05
2020-03-10 16:02:01.768837,0.01,-0.006,1.033,0.21,0.49,1.05
2020-03-10 16:02:01.768956,0.01,-0.005,1.031,0.21,0.49,1.05
2020-03-10 16:02:01.768977,0.009000000000000001,-0.006,1.031,0.21,0.56,1.05
2020-03-10 16:02:01.774098,0.01,-0.007,1.031,0.21,0.49,1.05
2020-03-10 16:02:01.784348,0.011,-0.005,1.029,0.21,0.49,1.05
2020-03-10 16:02:01.789513,0.01,-0.006,1.031,0.21,0.56,1.05
2020-03-10 16:02:01.794640,0.01,-0.007,1.032,0.21,0.49,1.05
2020-03-10 16:02:01.800368,0.01,-0.006,1.032,0.21,0.56,1.05
2020-03-10 16:02:01.800438,0.009000000000000001,-0.006,1.033,0.21,0.49,1.05
2020-03-10 16:02:01.805688,0.011,-0.007,1.03,0.21,0.49,1.05
2020-03-10 16:02:01.805766,0.01,-0.007,1.03,0.21,0.56,1.05
2020-03-10 16:02:01.805794,0.011,-0.005,1.03,0.21,0.56,1.05
2020-03-10 16:02:01.810966,0.01,-0.006,1.031,0.28,0.42,1.05
2020-03-10 16:02:01.816162,0.01,-0.005,1.031,0.21,0.49,1.05
2020-03-10 16:02:01.831495,0.011,-0.005,1.031,0.21,0.49,1.05
2020-03-10 16:02:01.831582,0.009000000000000001,-0.006,1.032,0.21,0.49,1.05
2020-03-10 16:02:01.831599,0.01,-0.006,1.031,0.21,0.56,1.12
2020-03-10 16:02:01.836859,0.011,-0.006,1.031,0.28,0.49,1.05
2020-03-10 16:02:01.836896,0.01,-0.006,1.03,0.21,0.28,1.05
2020-03-10 16:02:01.836984,0.012,-0.008,1.029,0.28,0.35000000000000003,1.05
2020-03-10 16:02:01.837019,0.012,-0.006,1.03,0.21,0.42,1.05
2020-03-10 16:02:01.851426,0.012,-0.006,1.031,0.28,0.42,1.12
2020-03-10 16:02:01.861743,0.012,-0.006,1.032,0.21,0.7000000000000001,1.05
2020-03-10 16:02:01.861798,0.012,-0.005,1.03,0.28,0.49,1.05
2020-03-10 16:02:01.861870,0.013000000000000001,-0.004,1.03,0.21,0.49,1.05
2020-03-10 16:02:01.872196,0.01,-0.006,1.032,0.28,0.49,1.05
2020-03-10 16:02:01.892674,0.011,-0.005,1.03,0.21,0.49,1.05
2020-03-10 16:02:01.897839,0.012,-0.005,1.031,0.21,0.49,1.05
2020-03-10 16:02:01.913148,0.011,-0.007,1.029,0.21,0.49,1.05
2020-03-10 16:02:01.933651,0.01,-0.007,1.029,0.21,0.49,0.98
2020-03-10 16:02:01.938849,0.013000000000000001,-0.005,1.031,0.21,0.56,1.05
2020-03-10 16:02:01.954228,0.011,-0.005,1.032,0.21,0.42,1.05
2020-03-10 16:02:01.964463,0.014,-0.006,1.031,0.21,0.28,1.05
2020-03-10 16:02:01.995074,0.014,-0.006,1.028,0.21,0.63,1.05
2020-03-10 16:02:01.995119,0.013000000000000001,-0.006,1.026,0.21,0.42,1.05
2020-03-10 16:02:01.995136,0.016,-0.007,1.0230000000000001,0.21,0.49,1.05
2020-03-10 16:02:02.010479,0.011,-0.007,1.028,0.21,0.49,1.05
2020-03-10 16:02:02.020818,0.012,-0.006,1.028,0.28,0.56,1.05
2020-03-10 16:02:02.036160,0.012,-0.007,1.024,0.21,0.56,1.05
2020-03-10 16:02:02.046443,0.012,-0.006,1.031,0.21,0.42,1.05
2020-03-10 16:02:02.046482,0.01,-0.007,1.032,0.21,0.63,0.98
2020-03-10 16:02:02.046499,0.013000000000000001,-0.005,1.03,0.14,0.56,1.05
2020-03-10 16:02:02.051730,0.011,-0.005,1.031,0.21,0.56,1.05
2020-03-10 16:02:02.056920,0.012,-0.005,1.031,0.28,0.49,1.05
2020-03-10 16:02:02.069818,0.012,-0.006,1.031,0.21,0.49,1.05
2020-03-10 16:02:02.075048,0.012,-0.007,1.03,0.21,0.63,1.05
2020-03-10 16:02:02.075082,0.012,-0.005,1.031,0.21,0.56,1.05
2020-03-10 16:02:02.075187,0.013000000000000001,-0.008,1.027,0.21,0.56,1.05
2020-03-10 16:02:02.100888,0.011,-0.007,1.027,0.21,0.63,1.05
2020-03-10 16:02:02.111217,0.011,-0.006,1.031,0.21,0.56,1.05
2020-03-10 16:02:02.116366,0.01,-0.006,1.031,0.21,0.49,1.05
2020-03-10 16:02:02.126644,0.009000000000000001,-0.005,1.03,0.21,0.42,1.05
2020-03-10 16:02:02.136958,0.012,-0.004,1.029,0.21,0.56,1.05
2020-03-10 16:02:02.152316,0.014,-0.005,1.031,0.21,0.42,1.05
2020-03-10 16:02:02.172836,0.011,-0.006,1.031,0.21,0.42,1.05
2020-03-10 16:02:02.185715,0.011,-0.004,1.028,0.21,0.56,1.05
2020-03-10 16:02:02.196000,0.011,-0.006,1.031,0.21,0.49,1.05
2020-03-10 16:02:02.201219,0.011,-0.006,1.032,0.21,0.49,1.12
2020-03-10 16:02:02.211415,0.012,-0.006,1.031,0.21,0.56,1.05
2020-03-10 16:02:02.231804,0.01,-0.007,1.04,0.21,0.56,1.05
2020-03-10 16:02:02.237001,0.008,-0.004,1.04,0.21,0.49,1.05
2020-03-10 16:02:02.237111,0.01,-0.005,1.031,0.21,0.49,1.05
2020-03-10 16:02:02.242353,0.009000000000000001,-0.006,1.032,0.21,0.49,1.05
2020-03-10 16:02:02.257751,0.011,-0.006,1.033,0.21,0.56,1.05
2020-03-10 16:02:02.257888,0.011,-0.005,1.031,0.21,0.49,0.98
2020-03-10 16:02:02.257938,0.011,-0.006,1.03,0.21,0.56,1.05
2020-03-10 16:02:02.273272,0.012,-0.005,1.031,0.21,0.56,1.05
2020-03-10 16:02:02.278440,0.01,-0.005,1.032,0.21,0.56,1.05
2020-03-10 16:02:02.290996,0.012,-0.005,1.032,0.21,0.49,1.05
2020-03-10 16:02:02.291040,0.011,-0.005,1.029,0.21,0.49,0.98
2020-03-10 16:02:02.291104,0.012,-0.005,1.032,0.21,0.49,1.05
2020-03-10 16:02:02.291159,0.012,-0.006,1.029,0.21,0.49,1.05
2020-03-10 16:02:02.291174,0.012,-0.006,1.031,0.21,0.49,1.05
2020-03-10 16:02:02.301731,0.012,-0.005,1.031,0.28,0.42,1.05
2020-03-10 16:02:02.312019,0.011,-0.005,1.031,0.21,0.49,1.05
2020-03-10 16:02:02.317293,0.011,-0.007,1.033,0.21,0.49,1.05
2020-03-10 16:02:02.322437,0.012,-0.006,1.028,0.21,0.56,1.05
2020-03-10 16:02:02.322501,0.011,-0.007,1.029,0.28,0.49,1.05
2020-03-10 16:02:02.343031,0.011,-0.005,1.029,0.21,0.49,1.05
2020-03-10 16:02:02.363533,0.009000000000000001,-0.005,1.027,0.21,0.49,1.05
2020-03-10 16:02:02.378835,0.012,-0.005,1.03,0.21,0.49,1.05
2020-03-10 16:02:02.378883,0.011,-0.007,1.026,0.21,0.49,1.05
2020-03-10 16:02:02.389185,0.009000000000000001,-0.006,1.028,0.21,0.49,1.05
2020-03-10 16:02:02.394530,0.011,-0.007,1.029,0.21,0.49,1.05
2020-03-10 16:02:02.404881,0.012,-0.005,1.032,0.21,0.49,1.05
2020-03-10 16:02:02.425360,0.011,-0.005,1.03,0.21,0.42,1.05
2020-03-10 16:02:02.450881,0.011,-0.004,1.03,0.21,0.49,1.05
2020-03-10 16:02:02.466278,0.011,-0.006,1.034,0.21,0.42,1.05
2020-03-10 16:02:02.471551,0.006,-0.002,1.062,0.28,0.7000000000000001,1.05
2020-03-10 16:02:02.481959,0.008,-0.005,1.03,0.21,0.63,1.05
2020-03-10 16:02:02.497483,0.013000000000000001,-0.006,1.031,0.21,0.49,1.05
2020-03-10 16:02:02.507823,0.012,-0.005,1.024,0.21,0.49,1.05
2020-03-10 16:02:02.528342,0.013000000000000001,-0.007,1.031,0.21,0.49,1.05
2020-03-10 16:02:02.538820,0.012,-0.006,1.033,0.21,0.56,1.05
2020-03-10 16:02:02.543999,0.012,-0.007,1.037,0.21,0.56,1.05
2020-03-10 16:02:02.559337,0.012,-0.006,1.026,0.28,0.49,1.05
2020-03-10 16:02:02.574699,0.011,-0.006,1.028,0.21,0.56,1.12
2020-03-10 16:02:02.590078,0.013000000000000001,-0.007,1.016,0.28,0.21,1.05
2020-03-10 16:02:02.615606,0.011,-0.004,1.028,0.21,0.49,0.98
2020-03-10 16:02:02.625897,0.013000000000000001,-0.007,1.029,0.28,0.42,1.05
2020-03-10 16:02:02.631198,0.01,-0.006,1.028,0.21,0.49,1.05
2020-03-10 16:02:02.646546,0.013000000000000001,-0.005,1.025,0.28,0.28,1.05
2020-03-10 16:02:02.646681,0.011,-0.006,1.027,0.28,0.49,1.05
2020-03-10 16:02:02.651818,0.013000000000000001,-0.006,1.029,0.21,0.49,0.98
2020-03-10 16:02:02.657171,0.012,-0.004,1.029,0.21,0.49,1.05
2020-03-10 16:02:02.662338,0.012,-0.005,1.03,0.21,0.56,1.05
2020-03-10 16:02:02.672739,0.012,-0.006,1.032,0.21,0.49,1.05
2020-03-10 16:02:02.677932,0.013000000000000001,-0.006,1.029,0.21,0.49,1.05
2020-03-10 16:02:02.683036,0.012,-0.005,1.029,0.21,0.49,1.05
2020-03-10 16:02:02.698378,0.011,-0.005,1.029,0.21,0.49,1.05
2020-03-10 16:02:02.703602,0.012,-0.006,1.032,0.21,0.56,1.05
2020-03-10 16:02:02.708763,0.01,-0.006,1.031,0.28,0.49,1.05
2020-03-10 16:02:02.708864,0.012,-0.007,1.031,0.21,0.49,1.05
2020-03-10 16:02:02.708947,0.012,-0.006,1.033,0.28,0.35000000000000003,1.12
2020-03-10 16:02:02.724262,0.013000000000000001,-0.006,1.032,0.21,0.35000000000000003,1.05
2020-03-10 16:02:02.724319,0.01,-0.008,1.043,0.21,0.56,1.05
2020-03-10 16:02:02.724412,0.011,-0.006,1.031,0.21,0.49,1.05
2020-03-10 16:02:02.724569,0.008,-0.005,1.006,0.07,1.61,1.05
2020-03-10 16:02:02.724669,0.01,-0.006,1.03,0.21,0.49,1.05
2020-03-10 16:02:02.739974,0.01,-0.007,1.031,0.28,0.56,1.05
2020-03-10 16:02:02.755371,0.01,-0.007,1.03,0.21,0.56,1.05
2020-03-10 16:02:02.755499,0.01,-0.006,1.032,0.21,0.49,1.05
2020-03-10 16:02:02.755669,0.011,-0.005,1.031,0.21,0.42,1.05
2020-03-10 16:02:02.765984,0.012,-0.005,1.029,0.21,0.56,1.05
2020-03-10 16:02:02.771198,0.011,-0.007,1.031,0.21,0.56,1.05
2020-03-10 16:02:02.776394,0.011,-0.006,1.031,0.21,0.49,1.05
2020-03-10 16:02:02.776430,0.012,-0.006,1.031,0.21,0.49,1.05
2020-03-10 16:02:02.776445,0.011,-0.005,1.032,0.21,0.49,1.05
2020-03-10 16:02:02.776560,0.011,-0.005,1.032,0.21,0.56,1.05
2020-03-10 16:02:02.797063,0.01,-0.005,1.032,0.21,0.56,1.05
2020-03-10 16:02:02.797278,0.011,-0.006,1.03,0.28,0.56,1.05
2020-03-10 16:02:02.797305,0.012,-0.005,1.03,0.21,0.49,1.05
2020-03-10 16:02:02.797348,0.011,-0.007,1.031,0.21,0.49,1.05
2020-03-10 16:02:02.797363,0.011,-0.005,1.031,0.21,0.56,1.05
2020-03-10 16:02:02.797376,0.01,-0.004,1.031,0.14,0.56,1.05
2020-03-10 16:02:02.797426,0.011,-0.005,1.03,0.28,0.49,0.98
2020-03-10 16:02:02.833253,0.012,-0.006,1.031,0.21,0.49,1.05
2020-03-10 16:02:02.850514,0.01,-0.007,1.03,0.21,0.49,1.05
2020-03-10 16:02:02.850705,0.011,-0.006,1.031,0.21,0.49,1.12
2020-03-10 16:02:02.861113,0.011,-0.005,1.031,0.21,0.49,1.05
2020-03-10 16:02:02.861251,0.012,-0.005,1.031,0.21,0.56,0.98
2020-03-10 16:02:02.861278,0.011,-0.006,1.032,0.21,0.49,1.05
2020-03-10 16:02:02.866473,0.01,-0.005,1.03,0.21,0.49,1.05
2020-03-10 16:02:02.866513,0.011,-0.006,1.03,0.21,0.49,1.05
2020-03-10 16:02:02.866596,0.012,-0.006,1.029,0.21,0.56,1.05
2020-03-10 16:02:02.866611,0.012,-0.005,1.031,0.28,0.49,1.05
2020-03-10 16:02:02.866622,0.011,-0.006,1.031,0.28,0.49,1.05
2020-03-10 16:02:02.881929,0.012,-0.006,1.031,0.21,0.49,1.12
2020-03-10 16:02:02.882069,0.011,-0.006,1.029,0.21,0.56,1.05
2020-03-10 16:02:02.882089,0.011,-0.006,1.031,0.21,0.56,1.05
2020-03-10 16:02:02.882139,0.012,-0.005,1.03,0.21,0.56,1.05
2020-03-10 16:02:02.887281,0.012,-0.006,1.031,0.21,0.49,1.12
2020-03-10 16:02:02.892453,0.01,-0.006,1.032,0.21,0.49,1.12
2020-03-10 16:02:02.897593,0.012,-0.005,1.031,0.21,0.49,1.05
2020-03-10 16:02:02.933392,0.011,-0.007,1.03,0.21,0.49,1.05
2020-03-10 16:02:02.943742,0.011,-0.008,1.03,0.21,0.56,1.05
2020-03-10 16:02:02.955979,0.011,-0.005,1.03,0.14,0.56,1.05
2020-03-10 16:02:02.971579,0.011,-0.006,1.032,0.21,0.56,1.05
2020-03-10 16:02:02.971724,0.01,-0.005,1.033,0.21,0.56,1.05
2020-03-10 16:02:02.982028,0.01,-0.005,1.032,0.21,0.49,1.05
2020-03-10 16:02:03.002516,0.013000000000000001,-0.006,1.031,0.21,0.49,1.05
2020-03-10 16:02:03.007726,0.012,-0.005,1.034,0.21,0.56,1.05
2020-03-10 16:02:03.023107,0.011,-0.005,1.036,0.28,0.63,1.05
2020-03-10 16:02:03.043602,0.013000000000000001,-0.005,1.032,0.21,0.49,1.05
2020-03-10 16:02:03.053891,0.011,-0.005,1.029,0.21,0.56,1.05
2020-03-10 16:02:03.053983,0.011,-0.004,1.033,0.21,0.49,1.12
2020-03-10 16:02:03.059125,0.012,-0.003,1.028,0.21,0.56,1.05
2020-03-10 16:02:03.079518,0.012,-0.007,1.03,0.21,0.49,1.05
2020-03-10 16:02:03.079564,0.013000000000000001,-0.004,1.03,0.21,0.56,1.05
2020-03-10 16:02:03.079647,0.012,-0.007,1.029,0.21,0.49,1.05
2020-03-10 16:02:03.079670,0.012,-0.006,1.034,0.21,0.49,1.05
2020-03-10 16:02:03.079691,0.01,-0.005,1.032,0.28,0.49,1.05
2020-03-10 16:02:03.079705,0.01,-0.006,1.034,0.21,0.49,0.98
2020-03-10 16:02:03.090140,0.012,-0.007,1.033,0.21,0.49,1.05
2020-03-10 16:02:03.090181,0.009000000000000001,-0.006,1.029,0.21,0.56,1.05
2020-03-10 16:02:03.105582,0.011,-0.006,1.031,0.14,0.56,1.05
2020-03-10 16:02:03.126105,0.012,-0.005,1.032,0.21,0.56,1.05
2020-03-10 16:02:03.131232,0.011,-0.005,1.03,0.21,0.56,1.05
2020-03-10 16:02:03.141535,0.012,-0.007,1.031,0.21,0.49,1.05
2020-03-10 16:02:03.156903,0.009000000000000001,-0.004,1.038,0.21,0.56,1.05
2020-03-10 16:02:03.182446,0.011,-0.004,1.039,0.28,0.49,1.05
2020-03-10 16:02:03.182505,0.01,-0.007,1.026,0.21,0.63,1.05
2020-03-10 16:02:03.182592,0.013000000000000001,-0.006,1.03,0.21,0.56,1.05
2020-03-10 16:02:03.197958,0.011,-0.006,1.028,0.21,0.49,1.05
2020-03-10 16:02:03.213349,0.009000000000000001,-0.005,1.035,0.21,0.42,1.05
2020-03-10 16:02:03.233828,0.01,-0.006,1.035,0.21,0.56,1.05
2020-03-10 16:02:03.244081,0.011,-0.006,1.029,0.21,0.56,1.05
2020-03-10 16:02:03.249263,0.01,-0.007,1.025,0.28,0.42,0.98
2020-03-10 16:02:03.249301,0.011,-0.006,1.03,0.21,0.56,1.05
2020-03-10 16:02:03.264644,0.01,-0.006,1.033,0.21,0.56,1.05
2020-03-10 16:02:03.269953,0.011,-0.005,1.032,0.21,0.49,1.05
2020-03-10 16:02:03.277669,0.012,-0.006,1.031,0.21,0.49,1.05
2020-03-10 16:02:03.287937,0.011,-0.007,1.031,0.28,0.49,1.05
2020-03-10 16:02:03.303289,0.011,-0.006,1.031,0.21,0.49,1.05
2020-03-10 16:02:03.308547,0.012,-0.005,1.03,0.21,0.42,1.05
2020-03-10 16:02:03.323906,0.01,-0.005,1.034,0.21,0.49,1.05
2020-03-10 16:02:03.344396,0.011,-0.006,1.032,0.21,0.56,1.05
2020-03-10 16:02:03.359736,0.012,-0.006,1.03,0.21,0.49,1.12
2020-03-10 16:02:03.380250,0.011,-0.007,1.028,0.21,0.42,0.98
2020-03-10 16:02:03.385450,0.011,-0.006,1.031,0.21,0.56,0.98
2020-03-10 16:02:03.385509,0.011,-0.007,1.031,0.21,0.49,1.05
2020-03-10 16:02:03.385647,0.011,-0.005,1.031,0.21,0.42,1.05
2020-03-10 16:02:03.385703,0.011,-0.006,1.03,0.21,0.49,1.05
2020-03-10 16:02:03.393315,0.011,-0.005,1.032,0.21,0.56,1.05
2020-03-10 16:02:03.393367,0.011,-0.006,1.029,0.21,0.56,0.98
2020-03-10 16:02:03.393470,0.011,-0.006,1.029,0.21,0.49,1.05
2020-03-10 16:02:03.408732,0.01,-0.006,1.031,0.21,0.49,1.05
2020-03-10 16:02:03.408780,0.01,-0.006,1.03,0.21,0.49,0.98
2020-03-10 16:02:03.408874,0.011,-0.005,1.03,0.21,0.49,0.98
2020-03-10 16:02:03.408903,0.011,-0.006,1.032,0.21,0.49,1.05
2020-03-10 16:02:03.419098,0.012,-0.006,1.031,0.21,0.56,1.05
2020-03-10 16:02:03.429355,0.011,-0.006,1.029,0.21,0.49,1.05
2020-03-10 16:02:03.429403,0.012,-0.006,1.03,0.21,0.49,0.98
2020-03-10 16:02:03.429504,0.011,-0.005,1.029,0.28,0.49,1.12
2020-03-10 16:02:03.429530,0.011,-0.005,1.031,0.21,0.49,1.05
2020-03-10 16:02:03.429547,0.012,-0.006,1.029,0.21,0.49,1.12
2020-03-10 16:02:03.429560,0.01,-0.006,1.03,0.28,0.49,1.05
2020-03-10 16:02:03.450131,0.012,-0.006,1.03,0.14,0.56,1.05
2020-03-10 16:02:03.465457,0.012,-0.006,1.029,0.21,0.56,1.05
2020-03-10 16:02:03.480842,0.01,-0.006,1.031,0.21,0.56,1.05
2020-03-10 16:02:03.496234,0.012,-0.005,1.03,0.21,0.49,1.05
2020-03-10 16:02:03.496288,0.011,-0.006,1.03,0.21,0.49,1.05
2020-03-10 16:02:03.509157,0.01,-0.007,1.032,0.21,0.49,1.05
2020-03-10 16:02:03.514340,0.012,-0.006,1.031,0.21,0.56,1.05
2020-03-10 16:02:03.514420,0.011,-0.007,1.033,0.21,0.56,1.05
2020-03-10 16:02:03.514443,0.009000000000000001,-0.006,1.03,0.21,0.49,1.05
2020-03-10 16:02:03.519714,0.011,-0.005,1.028,0.21,0.49,1.05
2020-03-10 16:02:03.524889,0.012,-0.005,1.032,0.21,0.56,1.05
2020-03-10 16:02:03.530066,0.013000000000000001,-0.006,1.029,0.21,0.49,1.12
2020-03-10 16:02:03.535242,0.012,-0.006,1.029,0.21,0.42,1.05
2020-03-10 16:02:03.535311,0.01,-0.005,1.028,0.21,0.49,1.05
2020-03-10 16:02:03.550633,0.013000000000000001,-0.005,1.031,0.21,0.56,1.05
2020-03-10 16:02:03.566021,0.01,-0.005,1.03,0.21,0.42,1.05
2020-03-10 16:02:03.566114,0.011,-0.005,1.032,0.21,0.56,1.05
2020-03-10 16:02:03.581523,0.01,-0.004,1.03,0.28,0.56,1.05
2020-03-10 16:02:03.596871,0.011,-0.007,1.029,0.21,0.49,1.05
2020-03-10 16:02:03.607229,0.01,-0.008,1.031,0.21,0.49,1.05
2020-03-10 16:02:03.622662,0.011,-0.006,1.031,0.28,0.49,1.05
2020-03-10 16:02:03.638024,0.008,-0.006,1.031,0.21,0.56,1.05
2020-03-10 16:02:03.638075,0.01,-0.006,1.036,0.21,0.49,1.05
2020-03-10 16:02:03.643269,0.011,-0.005,1.033,0.21,0.56,1.05
2020-03-10 16:02:03.653607,0.011,-0.006,1.029,0.21,0.49,1.05
2020-03-10 16:02:03.668949,0.012,-0.005,1.03,0.21,0.49,1.05
2020-03-10 16:02:03.689421,0.012,-0.005,1.031,0.21,0.49,1.05
2020-03-10 16:02:03.689550,0.01,-0.005,1.03,0.21,0.49,1.05
2020-03-10 16:02:03.689650,0.011,-0.005,1.032,0.21,0.49,1.05
2020-03-10 16:02:03.705072,0.012,-0.006,1.031,0.21,0.49,1.05
2020-03-10 16:02:03.705238,0.011,-0.006,1.028,0.28,0.56,1.05
2020-03-10 16:02:03.705268,0.012,-0.007,1.03,0.21,0.56,1.05
2020-03-10 16:02:03.705412,0.012,-0.006,1.031,0.28,0.49,1.05
2020-03-10 16:02:03.717798,0.01,-0.006,1.034,0.21,0.49,0.98
2020-03-10 16:02:03.728098,0.011,-0.006,1.03,0.21,0.49,1.05
2020-03-10 16:02:03.728147,0.012,-0.007,1.032,0.21,0.49,1.05
2020-03-10 16:02:03.728230,0.012,-0.006,1.03,0.28,0.49,1.05
2020-03-10 16:02:03.728265,0.012,-0.006,1.031,0.21,0.56,1.05
2020-03-10 16:02:03.748779,0.011,-0.005,1.03,0.21,0.49,1.05
2020-03-10 16:02:03.769306,0.012,-0.006,1.031,0.21,0.56,1.05
2020-03-10 16:02:03.774515,0.011,-0.007,1.032,0.21,0.56,1.05
2020-03-10 16:02:03.779653,0.011,-0.005,1.031,0.21,0.49,1.05
2020-03-10 16:02:03.784792,0.012,-0.006,1.03,0.21,0.49,1.05
2020-03-10 16:02:03.800044,0.011,-0.006,1.029,0.21,0.56,1.05
2020-03-10 16:02:03.815437,0.012,-0.006,1.031,0.21,0.49,1.05
2020-03-10 16:02:03.815485,0.012,-0.005,1.03,0.21,0.49,1.05
2020-03-10 16:02:03.815556,0.011,-0.006,1.031,0.21,0.49,1.05
2020-03-10 16:02:03.815572,0.012,-0.005,1.032,0.21,0.49,0.98
2020-03-10 16:02:03.815668,0.011,-0.005,1.031,0.21,0.56,1.05
2020-03-10 16:02:03.815683,0.012,-0.007,1.03,0.21,0.56,1.05
2020-03-10 16:02:03.815693,0.011,-0.005,1.03,0.21,0.49,1.05
2020-03-10 16:02:03.815704,0.01,-0.006,1.032,0.21,0.49,1.05
2020-03-10 16:02:03.823012,0.011,-0.006,1.031,0.21,0.49,1.05
2020-03-10 16:02:03.823050,0.012,-0.005,1.03,0.21,0.56,1.05
2020-03-10 16:02:03.823137,0.012,-0.006,1.03,0.21,0.49,1.05
2020-03-10 16:02:03.823241,0.011,-0.006,1.03,0.21,0.49,1.05
2020-03-10 16:02:03.828374,0.012,-0.006,1.031,0.21,0.49,1.05
2020-03-10 16:02:03.843811,0.011,-0.005,1.031,0.21,0.56,1.05
2020-03-10 16:02:03.864313,0.01,-0.005,1.032,0.21,0.49,1.05
2020-03-10 16:02:03.874709,0.011,-0.005,1.032,0.21,0.49,1.05
2020-03-10 16:02:03.879892,0.012,-0.005,1.031,0.21,0.56,1.05
2020-03-10 16:02:03.879985,0.01,-0.006,1.029,0.21,0.49,1.05
2020-03-10 16:02:03.880008,0.011,-0.007,1.031,0.21,0.56,0.98
2020-03-10 16:02:03.885132,0.011,-0.005,1.03,0.21,0.56,1.05
2020-03-10 16:02:03.900479,0.012,-0.006,1.031,0.21,0.49,1.05
2020-03-10 16:02:03.905945,0.011,-0.006,1.032,0.21,0.49,0.98
2020-03-10 16:02:03.916254,0.011,-0.005,1.033,0.21,0.49,1.05
2020-03-10 16:02:03.916288,0.011,-0.005,1.03,0.21,0.49,0.98
2020-03-10 16:02:03.916377,0.011,-0.005,1.031,0.21,0.49,1.05
2020-03-10 16:02:03.916402,0.012,-0.005,1.03,0.21,0.49,1.05
2020-03-10 16:02:03.921680,0.011,-0.005,1.032,0.21,0.49,1.05
2020-03-10 16:02:03.921714,0.011,-0.005,1.031,0.21,0.56,0.98
2020-03-10 16:02:03.942177,0.011,-0.006,1.033,0.21,0.49,1.05
2020-03-10 16:02:03.957602,0.01,-0.005,1.032,0.21,0.56,0.98
2020-03-10 16:02:03.967944,0.011,-0.006,1.03,0.14,0.49,1.05
2020-03-10 16:02:03.973156,0.011,-0.005,1.031,0.21,0.49,1.05
2020-03-10 16:02:03.978353,0.012,-0.004,1.032,0.21,0.56,0.98
2020-03-10 16:02:03.988782,0.01,-0.006,1.032,0.21,0.49,1.05
2020-03-10 16:02:03.999044,0.011,-0.006,1.031,0.21,0.49,1.05
2020-03-10 16:02:04.004451,0.01,-0.006,1.03,0.21,0.49,1.05
2020-03-10 16:02:04.009899,0.012,-0.006,1.03,0.21,0.56,0.98
2020-03-10 16:02:04.015048,0.012,-0.006,1.03,0.21,0.49,1.05
2020-03-10 16:02:04.030461,0.011,-0.005,1.03,0.21,0.49,1.05
2020-03-10 16:02:04.045932,0.011,-0.006,1.031,0.28,0.56,1.05
2020-03-10 16:02:04.056226,0.011,-0.005,1.031,0.21,0.49,1.05
2020-03-10 16:02:04.061457,0.01,-0.007,1.03,0.21,0.49,0.98
2020-03-10 16:02:04.066636,0.013000000000000001,-0.005,1.029,0.21,0.49,1.05
2020-03-10 16:02:04.081986,0.01,-0.006,1.029,0.21,0.56,1.05
2020-03-10 16:02:04.082109,0.01,-0.007,1.033,0.14,0.56,1.05
2020-03-10 16:02:04.082128,0.01,-0.006,1.033,0.14,0.63,1.05
2020-03-10 16:02:04.092459,0.012,-0.005,1.032,0.21,0.49,1.05
2020-03-10 16:02:04.102742,0.009000000000000001,-0.005,1.027,0.21,0.56,1.05
2020-03-10 16:02:04.123400,0.013000000000000001,-0.007,1.029,0.21,0.56,1.05
2020-03-10 16:02:04.128598,0.012,-0.007,1.03,0.21,0.49,1.05
2020-03-10 16:02:04.143904,0.011,-0.006,1.033,0.21,0.42,1.05
2020-03-10 16:02:04.154229,0.011,-0.004,1.033,0.21,0.56,1.05
2020-03-10 16:02:04.164644,0.01,-0.004,1.03,0.21,0.49,1.05
2020-03-10 16:02:04.164692,0.012,-0.005,1.03,0.21,0.49,1.05
2020-03-10 16:02:04.169943,0.01,-0.007,1.028,0.21,0.56,1.05
2020-03-10 16:02:04.175259,0.012,-0.005,1.03,0.14,0.56,1.05
2020-03-10 16:02:04.185712,0.011,-0.006,1.032,0.21,0.56,1.05
2020-03-10 16:02:04.190925,0.01,-0.005,1.031,0.21,0.49,1.05
2020-03-10 16:02:04.206321,0.011,-0.005,1.029,0.21,0.49,1.05
2020-03-10 16:02:04.211623,0.011,-0.005,1.03,0.21,0.56,1.05
2020-03-10 16:02:04.211703,0.011,-0.006,1.029,0.28,0.49,1.05
2020-03-10 16:02:04.211734,0.011,-0.005,1.028,0.28,0.49,1.05
2020-03-10 16:02:04.211822,0.009000000000000001,-0.005,1.03,0.21,0.49,1.05
2020-03-10 16:02:04.228602,0.011,-0.004,1.032,0.21,0.49,1.05
2020-03-10 16:02:04.238889,0.01,-0.006,1.031,0.21,0.56,1.05
2020-03-10 16:02:04.254319,0.01,-0.006,1.029,0.14,0.56,1.05
2020-03-10 16:02:04.274815,0.011,-0.006,1.03,0.21,0.49,1.05
2020-03-10 16:02:04.295247,0.011,-0.006,1.029,0.21,0.49,1.05
2020-03-10 16:02:04.305535,0.011,-0.005,1.031,0.21,0.56,1.05
2020-03-10 16:02:04.310882,0.011,-0.005,1.032,0.21,0.56,1.05
2020-03-10 16:02:04.321333,0.01,-0.006,1.031,0.21,0.49,0.98
2020-03-10 16:02:04.326501,0.011,-0.005,1.031,0.21,0.56,1.05
2020-03-10 16:02:04.336862,0.01,-0.006,1.03,0.21,0.56,1.05
2020-03-10 16:02:04.342054,0.011,-0.007,1.029,0.21,0.49,1.05
2020-03-10 16:02:04.347193,0.011,-0.006,1.03,0.21,0.49,1.05
2020-03-10 16:02:04.352379,0.011,-0.005,1.033,0.21,0.42,1.05
2020-03-10 16:02:04.357552,0.01,-0.004,1.03,0.21,0.56,1.05
2020-03-10 16:02:04.372893,0.01,-0.007,1.031,0.21,0.49,1.05
2020-03-10 16:02:04.393385,0.011,-0.005,1.03,0.21,0.56,0.98
2020-03-10 16:02:04.408746,0.012,-0.006,1.029,0.21,0.49,1.05
2020-03-10 16:02:04.434291,0.011,-0.006,1.031,0.21,0.56,1.05
2020-03-10 16:02:04.449697,0.01,-0.005,1.031,0.21,0.56,1.05
2020-03-10 16:02:04.449815,0.011,-0.006,1.031,0.21,0.49,1.05
2020-03-10 16:02:04.449866,0.012,-0.006,1.032,0.21,0.49,1.05
2020-03-10 16:02:04.455075,0.01,-0.006,1.03,0.21,0.49,1.05
2020-03-10 16:02:04.455197,0.011,-0.007,1.03,0.21,0.56,1.05
2020-03-10 16:02:04.455226,0.011,-0.006,1.031,0.21,0.49,1.05
2020-03-10 16:02:04.455241,0.011,-0.006,1.032,0.21,0.49,1.05
2020-03-10 16:02:04.455346,0.011,-0.006,1.031,0.21,0.49,1.05
2020-03-10 16:02:04.455436,0.01,-0.006,1.031,0.21,0.56,0.98
2020-03-10 16:02:04.455469,0.011,-0.006,1.031,0.21,0.49,1.05
2020-03-10 16:02:04.455559,0.011,-0.006,1.03,0.21,0.49,1.05
2020-03-10 16:02:04.460761,0.011,-0.006,1.031,0.21,0.49,1.05
2020-03-10 16:02:04.486306,0.011,-0.005,1.031,0.21,0.49,1.05
2020-03-10 16:02:04.491518,0.01,-0.005,1.032,0.21,0.49,0.98
2020-03-10 16:02:04.496659,0.01,-0.007,1.032,0.21,0.49,1.05
2020-03-10 16:02:04.501799,0.011,-0.007,1.031,0.21,0.49,1.05
2020-03-10 16:02:04.506928,0.011,-0.006,1.03,0.28,0.42,1.05
2020-03-10 16:02:04.512096,0.011,-0.007,1.029,0.21,0.49,1.05
2020-03-10 16:02:04.522492,0.012,-0.005,1.032,0.14,0.49,0.98
2020-03-10 16:02:04.522618,0.011,-0.005,1.036,0.21,0.56,1.05
2020-03-10 16:02:04.527750,0.011,-0.005,1.033,0.21,0.56,1.05
2020-03-10 16:02:04.527793,0.012,-0.006,1.031,0.28,0.56,1.05
2020-03-10 16:02:04.544839,0.011,-0.006,1.031,0.21,0.56,1.05
2020-03-10 16:02:04.550023,0.012,-0.006,1.031,0.14,0.56,1.05
2020-03-10 16:02:04.550051,0.007,-0.007,1.032,0.21,0.56,1.05
2020-03-10 16:02:04.555184,0.012,-0.005,1.033,0.21,0.49,1.05
2020-03-10 16:02:04.555255,0.012,-0.005,1.03,0.21,0.56,1.05
2020-03-10 16:02:04.555280,0.01,-0.006,1.03,0.14,0.49,0.98
2020-03-10 16:02:04.570630,0.011,-0.006,1.03,0.21,0.56,1.05
2020-03-10 16:02:04.591109,0.01,-0.007,1.031,0.21,0.56,1.05
2020-03-10 16:02:04.611610,0.011,-0.005,1.03,0.14,0.49,1.05
2020-03-10 16:02:04.621898,0.01,-0.005,1.031,0.21,0.49,1.05
2020-03-10 16:02:04.627135,0.009000000000000001,-0.005,1.03,0.21,0.56,1.05
2020-03-10 16:02:04.627182,0.01,-0.005,1.029,0.21,0.56,1.05
2020-03-10 16:02:04.627198,0.011,-0.006,1.028,0.21,0.42,1.05
2020-03-10 16:02:04.627297,0.01,-0.007,1.033,0.21,0.42,1.05
2020-03-10 16:02:04.658047,0.013000000000000001,-0.005,1.032,0.21,0.49,1.05
2020-03-10 16:02:04.678558,0.011,-0.006,1.033,0.21,0.42,1.05
2020-03-10 16:02:04.683752,0.011,-0.005,1.032,0.21,0.49,1.05
2020-03-10 16:02:04.688909,0.01,-0.005,1.033,0.21,0.49,1.05
2020-03-10 16:02:04.694129,0.011,-0.007,1.03,0.21,0.49,1.05
2020-03-10 16:02:04.699332,0.012,-0.006,1.031,0.21,0.49,1.05
2020-03-10 16:02:04.719828,0.011,-0.005,1.031,0.21,0.49,1.05
2020-03-10 16:02:04.730176,0.012,-0.006,1.032,0.21,0.56,1.05
2020-03-10 16:02:04.735373,0.011,-0.005,1.032,0.21,0.49,1.12
2020-03-10 16:02:04.750745,0.011,-0.006,1.032,0.21,0.49,1.05
2020-03-10 16:02:04.766155,0.011,-0.006,1.029,0.21,0.49,1.05
2020-03-10 16:02:04.781597,0.012,-0.005,1.03,0.21,0.49,1.05
2020-03-10 16:02:04.797013,0.012,-0.004,1.028,0.21,0.28,1.05
2020-03-10 16:02:04.812363,0.008,-0.007,1.043,0.21,0.35000000000000003,1.05
2020-03-10 16:02:04.817609,0.013000000000000001,-0.007,1.033,0.14,0.7000000000000001,1.05
2020-03-10 16:02:04.822816,0.012,-0.005,1.026,0.21,0.7000000000000001,1.05
2020-03-10 16:02:04.828036,0.011,-0.005,1.029,0.21,0.56,1.05
2020-03-10 16:02:04.828082,0.011,-0.006,1.041,0.21,0.49,1.05
2020-03-10 16:02:04.828174,0.011,-0.007,1.037,0.14,0.7000000000000001,1.05
2020-03-10 16:02:04.833401,0.011,-0.005,1.028,0.21,0.35000000000000003,1.05
2020-03-10 16:02:04.833428,0.012,-0.005,1.024,0.21,0.42,1.05
2020-03-10 16:02:04.833445,0.007,-0.005,1.037,0.21,0.49,1.05
2020-03-10 16:02:04.833543,0.015,-0.005,1.022,0.14,0.77,1.05
2020-03-10 16:02:04.851008,0.011,-0.007,1.026,0.14,0.7000000000000001,1.05
2020-03-10 16:02:04.871510,0.01,-0.006,1.033,0.21,0.56,1.05
2020-03-10 16:02:04.871566,0.012,-0.005,1.03,0.21,0.49,1.05
2020-03-10 16:02:04.871655,0.011,-0.006,1.034,0.21,0.49,1.05
2020-03-10 16:02:04.871681,0.011,-0.006,1.035,0.21,0.49,1.05
2020-03-10 16:02:04.871696,0.01,-0.006,1.031,0.21,0.56,1.05
2020-03-10 16:02:04.876881,0.01,-0.006,1.031,0.14,0.49,0.98
2020-03-10 16:02:04.912659,0.011,-0.006,1.033,0.21,0.49,1.05
2020-03-10 16:02:04.933127,0.011,-0.005,1.034,0.21,0.49,1.05
2020-03-10 16:02:04.943422,0.01,-0.005,1.029,0.21,0.56,1.05
2020-03-10 16:02:04.943473,0.013000000000000001,-0.005,1.032,0.21,0.42,1.05
2020-03-10 16:02:04.956515,0.011,-0.007,1.043,0.21,0.42,1.05
2020-03-10 16:02:04.961664,0.013000000000000001,-0.007,1.028,0.21,0.56,1.05
2020-03-10 16:02:04.961691,0.012,-0.005,1.029,0.21,0.49,1.05
2020-03-10 16:02:04.961705,0.012,-0.007,1.02,0.14,0.63,1.05
2020-03-10 16:02:04.961718,0.013000000000000001,-0.005,1.025,0.28,0.35000000000000003,1.05
2020-03-10 16:02:04.961730,0.013000000000000001,-0.006,1.032,0.21,0.56,1.05
2020-03-10 16:02:04.961865,0.011,-0.007,1.032,0.21,0.56,1.05
2020-03-10 16:02:04.977253,0.011,-0.006,1.031,0.14,0.56,1.05
2020-03-10 16:02:04.977391,0.012,-0.005,1.048,0.28,0.49,1.05
2020-03-10 16:02:04.977418,0.013000000000000001,-0.004,1.032,0.21,0.56,1.05
2020-03-10 16:02:04.977433,0.012,-0.007,1.03,0.21,0.49,1.05
2020-03-10 16:02:04.977445,0.011,-0.006,1.031,0.21,0.56,1.05
2020-03-10 16:02:04.977527,0.01,-0.004,1.029,0.21,0.56,1.05
2020-03-10 16:02:04.977672,0.009000000000000001,-0.009000000000000001,1.032,0.14,0.56,1.05
2020-03-10 16:02:04.977701,0.008,-0.006,1.031,0.14,0.56,1.05
2020-03-10 16:02:04.977742,0.01,-0.007,1.033,0.28,0.42,1.05
2020-03-10 16:02:04.977771,0.01,-0.006,1.034,0.21,0.42,1.12
2020-03-10 16:02:04.983017,0.014,-0.006,1.026,0.21,0.49,1.05
2020-03-10 16:02:04.988187,0.01,-0.008,1.029,0.14,0.49,0.98
2020-03-10 16:02:04.998421,0.013000000000000001,-0.006,1.033,0.21,0.49,1.05
2020-03-10 16:02:04.998447,0.012,-0.008,1.031,0.21,0.56,1.05
2020-03-10 16:02:04.998462,0.01,-0.006,1.033,0.14,0.56,1.05
2020-03-10 16:02:04.998504,0.011,-0.005,1.028,0.21,0.49,1.12
2020-03-10 16:02:05.008850,0.011,-0.006,1.03,0.28,0.42,1.05
2020-03-10 16:02:05.014055,0.011,-0.005,1.031,0.21,0.63,1.12
2020-03-10 16:02:05.034634,0.01,-0.006,1.026,0.21,0.42,1.05
2020-03-10 16:02:05.050070,0.012,-0.006,1.025,0.21,0.49,1.05
2020-03-10 16:02:05.060355,0.01,-0.006,1.034,0.21,0.63,1.05
2020-03-10 16:02:05.065567,0.01,-0.007,1.029,0.28,0.42,1.05
2020-03-10 16:02:05.065685,0.011,-0.005,1.03,0.21,0.56,1.05
2020-03-10 16:02:05.065789,0.012,-0.006,1.031,0.21,0.56,1.05
2020-03-10 16:02:05.091281,0.01,-0.005,1.03,0.21,0.49,1.05
2020-03-10 16:02:05.101659,0.01,-0.004,1.024,0.21,0.49,1.05
2020-03-10 16:02:05.117048,0.012,-0.006,1.027,0.21,0.56,1.05
2020-03-10 16:02:05.127340,0.011,-0.006,1.031,0.21,0.42,1.05
2020-03-10 16:02:05.142696,0.011,-0.006,1.034,0.21,0.56,1.05
2020-03-10 16:02:05.147861,0.012,-0.006,1.03,0.21,0.42,1.05
2020-03-10 16:02:05.153050,0.011,-0.006,1.03,0.21,0.49,1.05
2020-03-10 16:02:05.153108,0.012,-0.006,1.03,0.21,0.56,1.05
2020-03-10 16:02:05.158489,0.011,-0.006,1.03,0.21,0.49,1.05
2020-03-10 16:02:05.158523,0.011,-0.005,1.032,0.21,0.49,1.05
2020-03-10 16:02:05.163699,0.011,-0.005,1.031,0.21,0.56,1.05
2020-03-10 16:02:05.163819,0.011,-0.006,1.032,0.21,0.42,1.12
2020-03-10 16:02:05.163847,0.012,-0.005,1.031,0.21,0.49,1.05
2020-03-10 16:02:05.163861,0.011,-0.005,1.032,0.21,0.49,1.05
2020-03-10 16:02:05.168998,0.011,-0.006,1.032,0.21,0.56,1.05
2020-03-10 16:02:05.169032,0.011,-0.006,1.031,0.21,0.49,1.05
2020-03-10 16:02:05.181481,0.011,-0.006,1.03,0.21,0.56,1.05
2020-03-10 16:02:05.181518,0.01,-0.005,1.032,0.21,0.42,1.05
2020-03-10 16:02:05.191898,0.01,-0.005,1.03,0.21,0.49,1.05
2020-03-10 16:02:05.207250,0.01,-0.006,1.033,0.21,0.49,1.05
2020-03-10 16:02:05.217599,0.012,-0.004,1.0190000000000001,0.21,0.42,1.05
2020-03-10 16:02:05.232964,0.012,-0.005,1.036,0.21,0.63,1.05
2020-03-10 16:02:05.238212,0.011,-0.007,1.024,0.21,0.56,0.98
2020-03-10 16:02:05.248485,0.011,-0.004,1.028,0.21,0.63,1.05
2020-03-10 16:02:05.253729,0.012,-0.006,1.02,0.14,0.63,1.05
2020-03-10 16:02:05.269092,0.011,-0.005,1.029,0.21,0.56,1.05
2020-03-10 16:02:05.269229,0.012,-0.004,1.029,0.21,0.56,1.12
2020-03-10 16:02:05.274373,0.012,-0.007,1.026,0.21,0.49,1.05
2020-03-10 16:02:05.274439,0.012,-0.004,1.033,0.21,0.56,1.05
2020-03-10 16:02:05.274455,0.011,-0.006,1.044,0.21,0.28,1.12
2020-03-10 16:02:05.274526,0.007,-0.008,1.042,0.21,0.49,1.05
2020-03-10 16:02:05.294940,0.012,-0.006,1.027,0.14,0.63,1.05
2020-03-10 16:02:05.300116,0.011,-0.007,1.033,0.21,0.49,1.05
2020-03-10 16:02:05.310449,0.009000000000000001,-0.005,1.03,0.14,0.7000000000000001,1.05
2020-03-10 16:02:05.315648,0.013000000000000001,-0.006,1.035,0.21,0.49,1.05
2020-03-10 16:02:05.315774,0.011,-0.005,1.036,0.21,0.35000000000000003,1.05
2020-03-10 16:02:05.315896,0.011,-0.006,1.03,0.21,0.42,1.05
2020-03-10 16:02:05.315923,0.011,-0.007,1.032,0.21,0.42,1.05
2020-03-10 16:02:05.336391,0.009000000000000001,-0.005,1.033,0.21,0.56,1.05
2020-03-10 16:02:05.351829,0.011,-0.007,1.031,0.14,0.63,1.05
2020-03-10 16:02:05.364352,0.009000000000000001,-0.006,1.035,0.21,0.63,1.05
2020-03-10 16:02:05.364425,0.01,-0.007,1.032,0.21,0.49,1.05
2020-03-10 16:02:05.379776,0.012,-0.006,1.033,0.21,0.35000000000000003,1.05
2020-03-10 16:02:05.379913,0.01,-0.006,1.036,0.14,0.77,1.05
2020-03-10 16:02:05.380022,0.011,-0.008,1.03,0.21,0.42,1.05
2020-03-10 16:02:05.380050,0.012,-0.005,1.0190000000000001,0.14,0.56,1.05
2020-03-10 16:02:05.380142,0.01,-0.006,1.034,0.21,0.49,1.05
2020-03-10 16:02:05.380179,0.009000000000000001,-0.005,1.031,0.21,0.49,1.05
2020-03-10 16:02:05.380198,0.011,-0.006,1.031,0.21,0.49,1.05
2020-03-10 16:02:05.395640,0.008,-0.005,1.037,0.21,0.63,1.05
2020-03-10 16:02:05.416086,0.01,-0.007,1.033,0.21,0.56,1.05
2020-03-10 16:02:05.426361,0.011,-0.005,1.029,0.21,0.56,1.12
2020-03-10 16:02:05.431572,0.01,-0.005,1.034,0.21,0.56,1.05
2020-03-10 16:02:05.436756,0.011,-0.005,1.03,0.21,0.42,1.05
2020-03-10 16:02:05.452110,0.013000000000000001,-0.007,1.027,0.21,0.56,1.05
2020-03-10 16:02:05.452158,0.01,-0.005,1.034,0.21,0.63,1.05
2020-03-10 16:02:05.462477,0.012,-0.006,1.042,0.21,0.63,1.05
2020-03-10 16:02:05.467692,0.01,-0.004,1.032,0.21,0.49,0.98
2020-03-10 16:02:05.472900,0.011,-0.005,1.034,0.21,0.42,1.05
2020-03-10 16:02:05.472961,0.01,-0.006,1.033,0.14,0.56,1.05
2020-03-10 16:02:05.483370,0.011,-0.006,1.031,0.21,0.42,1.05
2020-03-10 16:02:05.488546,0.011,-0.005,1.031,0.21,0.56,1.05
2020-03-10 16:02:05.493791,0.01,-0.005,1.031,0.21,0.63,1.05
2020-03-10 16:02:05.498967,0.011,-0.006,1.03,0.21,0.56,1.05
2020-03-10 16:02:05.504160,0.01,-0.005,1.034,0.14,0.56,1.05
2020-03-10 16:02:05.514463,0.013000000000000001,-0.005,1.032,0.21,0.63,1.05
2020-03-10 16:02:05.519615,0.01,-0.005,1.032,0.21,0.56,1.05
2020-03-10 16:02:05.519753,0.013000000000000001,-0.007,1.029,0.21,0.56,1.05
2020-03-10 16:02:05.524919,0.01,-0.005,1.03,0.21,0.49,1.05
2020-03-10 16:02:05.530116,0.012,-0.006,1.035,0.21,0.56,1.05
2020-03-10 16:02:05.535288,0.012,-0.007,1.028,0.21,0.28,1.05
2020-03-10 16:02:05.550650,0.009000000000000001,-0.006,1.031,0.21,0.63,1.05
2020-03-10 16:02:05.560932,0.011,-0.006,1.034,0.21,0.49,1.05
2020-03-10 16:02:05.566149,0.01,-0.008,1.035,0.21,0.49,1.05
2020-03-10 16:02:05.576409,0.012,-0.006,1.033,0.21,0.42,1.05
2020-03-10 16:02:05.581617,0.012,-0.006,1.029,0.14,0.63,1.05
2020-03-10 16:02:05.581651,0.012,-0.006,1.033,0.14,0.56,1.05
2020-03-10 16:02:05.597169,0.011,-0.004,1.033,0.14,0.77,1.05
2020-03-10 16:02:05.597199,0.011,-0.006,1.031,0.21,0.56,0.98
2020-03-10 16:02:05.597214,0.01,-0.006,1.039,0.21,0.56,1.05
2020-03-10 16:02:05.612580,0.013000000000000001,-0.005,1.031,0.21,0.35000000000000003,1.05
2020-03-10 16:02:05.617710,0.014,-0.007,1.035,0.21,0.35000000000000003,1.05
2020-03-10 16:02:05.633066,0.012,-0.008,1.0150000000000001,0.14,0.49,1.05
2020-03-10 16:02:05.648396,0.011,-0.006,1.032,0.21,0.56,1.05
2020-03-10 16:02:05.658691,0.008,-0.007,1.04,0.21,0.42,1.12
2020-03-10 16:02:05.658888,0.011,-0.005,1.031,0.21,0.42,1.05
2020-03-10 16:02:05.658922,0.011,-0.007,1.042,0.21,0.63,1.05
2020-03-10 16:02:05.658940,0.013000000000000001,-0.006,1.049,0.21,0.56,1.05
2020-03-10 16:02:05.664098,0.009000000000000001,-0.004,1.031,0.14,0.56,1.05
2020-03-10 16:02:05.699986,0.011,-0.007,1.03,0.21,0.63,1.05
2020-03-10 16:02:05.710355,0.01,-0.003,1.04,0.14,0.63,1.05
2020-03-10 16:02:05.710408,0.012,-0.006,1.028,0.14,0.56,1.05
2020-03-10 16:02:05.710424,0.01,-0.007,1.032,0.21,0.42,0.98
2020-03-10 16:02:05.710437,0.011,-0.006,1.029,0.14,0.63,1.05
2020-03-10 16:02:05.710451,0.013000000000000001,-0.006,1.031,0.21,0.56,1.05
2020-03-10 16:02:05.710462,0.01,-0.006,1.032,0.21,0.56,0.98
2020-03-10 16:02:05.731016,0.011,-0.004,1.03,0.14,0.56,0.98
2020-03-10 16:02:05.731066,0.009000000000000001,-0.007,1.044,0.21,0.35000000000000003,1.05
2020-03-10 16:02:05.731109,0.009000000000000001,-0.007,1.034,0.21,0.56,1.12
2020-03-10 16:02:05.741373,0.01,-0.006,1.032,0.14,0.56,1.05
2020-03-10 16:02:05.741440,0.009000000000000001,-0.005,1.033,0.21,0.49,1.12
2020-03-10 16:02:05.756803,0.011,-0.006,1.025,0.21,0.42,1.05
2020-03-10 16:02:05.782355,0.01,-0.006,1.033,0.21,0.7000000000000001,1.05
2020-03-10 16:02:05.787549,0.013000000000000001,-0.005,1.028,0.14,0.49,1.05
2020-03-10 16:02:05.802882,0.012,-0.005,1.03,0.21,0.56,1.05
2020-03-10 16:02:05.815647,0.011,-0.006,1.033,0.21,0.49,1.12
2020-03-10 16:02:05.815693,0.011,-0.005,1.033,0.21,0.42,1.12
2020-03-10 16:02:05.815852,0.01,-0.007,1.049,0.21,0.28,1.05
2020-03-10 16:02:05.831183,0.01,-0.002,1.031,0.14,0.7000000000000001,1.12
2020-03-10 16:02:05.841573,0.012,-0.008,1.031,0.21,0.56,1.05
2020-03-10 16:02:05.846787,0.01,-0.006,1.03,0.21,0.49,0.98
2020-03-10 16:02:05.851907,0.012,-0.006,1.031,0.14,0.49,1.05
2020-03-10 16:02:05.862236,0.012,-0.008,1.03,0.21,0.49,1.05
2020-03-10 16:02:05.867420,0.013000000000000001,-0.005,1.03,0.21,0.49,1.05
2020-03-10 16:02:05.872633,0.013000000000000001,-0.006,1.033,0.28,0.49,1.05
2020-03-10 16:02:05.893112,0.015,-0.004,1.029,0.21,0.49,1.05
2020-03-10 16:02:05.898351,0.012,-0.005,1.031,0.21,0.56,1.05
2020-03-10 16:02:05.918900,0.012,-0.007,1.03,0.14,0.7000000000000001,1.05
2020-03-10 16:02:05.918955,0.012,-0.006,1.037,0.14,0.77,1.05
2020-03-10 16:02:05.919045,0.01,-0.006,1.033,0.21,0.49,1.05
2020-03-10 16:02:05.924157,0.012,-0.006,1.03,0.21,0.49,1.05
2020-03-10 16:02:05.924222,0.011,-0.007,1.036,0.21,0.42,1.05
2020-03-10 16:02:05.944707,0.011,-0.005,1.03,0.21,0.49,1.05
2020-03-10 16:02:05.955043,0.011,-0.005,1.029,0.21,0.63,1.05
2020-03-10 16:02:05.965308,0.012,-0.005,1.033,0.14,0.63,0.98
2020-03-10 16:02:05.970522,0.01,-0.006,1.038,0.21,0.49,0.98
2020-03-10 16:02:05.970557,0.01,-0.008,1.033,0.21,0.49,1.05
2020-03-10 16:02:05.970572,0.012,-0.006,1.032,0.21,0.56,1.05
2020-03-10 16:02:05.975697,0.012,-0.005,1.033,0.21,0.56,0.98
2020-03-10 16:02:05.996342,0.011,-0.006,1.025,0.21,0.63,1.05
2020-03-10 16:02:06.016872,0.012,-0.006,1.029,0.21,0.49,1.05
2020-03-10 16:02:06.022076,0.011,-0.005,1.033,0.14,0.49,0.98
2020-03-10 16:02:06.027237,0.011,-0.006,1.043,0.21,0.56,1.05
2020-03-10 16:02:06.032450,0.011,-0.005,1.035,0.21,0.56,1.05
2020-03-10 16:02:06.032550,0.012,-0.006,1.031,0.21,0.49,1.12
2020-03-10 16:02:06.032579,0.012,-0.007,1.044,0.21,0.56,1.05
2020-03-10 16:02:06.043103,0.011,-0.006,1.032,0.21,0.49,1.05
2020-03-10 16:02:06.053444,0.011,-0.005,1.031,0.21,0.49,0.98
2020-03-10 16:02:06.068812,0.011,-0.006,1.032,0.21,0.49,1.05
2020-03-10 16:02:06.073986,0.011,-0.006,1.031,0.21,0.56,1.05
2020-03-10 16:02:06.079210,0.011,-0.006,1.031,0.21,0.49,1.05
2020-03-10 16:02:06.079243,0.012,-0.007,1.031,0.21,0.49,1.05
2020-03-10 16:02:06.079258,0.011,-0.005,1.043,0.21,0.56,1.05
2020-03-10 16:02:06.096403,0.01,-0.006,1.03,0.21,0.49,1.05
2020-03-10 16:02:06.101616,0.01,-0.006,1.034,0.21,0.49,1.05
2020-03-10 16:02:06.127212,0.01,-0.005,1.034,0.21,0.49,1.05
2020-03-10 16:02:06.132395,0.01,-0.007,1.029,0.21,0.56,1.05
2020-03-10 16:02:06.147865,0.011,-0.007,1.031,0.21,0.49,1.05
2020-03-10 16:02:06.158185,0.012,-0.005,1.031,0.21,0.49,1.05
2020-03-10 16:02:06.158261,0.012,-0.007,1.032,0.14,0.56,1.05
2020-03-10 16:02:06.163439,0.012,-0.006,1.031,0.21,0.49,1.05
2020-03-10 16:02:06.173773,0.012,-0.007,1.032,0.14,0.56,1.05
2020-03-10 16:02:06.184092,0.012,-0.006,1.031,0.21,0.56,1.05
2020-03-10 16:02:06.184130,0.011,-0.006,1.03,0.21,0.56,1.05
2020-03-10 16:02:06.184232,0.012,-0.006,1.032,0.21,0.56,1.05
2020-03-10 16:02:06.189431,0.011,-0.006,1.031,0.21,0.56,0.98
2020-03-10 16:02:06.189567,0.012,-0.006,1.031,0.21,0.56,1.05
2020-03-10 16:02:06.189593,0.01,-0.006,1.03,0.21,0.49,1.05
2020-03-10 16:02:06.199886,0.011,-0.007,1.031,0.21,0.49,1.05
2020-03-10 16:02:06.205080,0.012,-0.006,1.031,0.14,0.56,1.05
2020-03-10 16:02:06.205203,0.011,-0.006,1.032,0.28,0.49,1.05
2020-03-10 16:02:06.205370,0.011,-0.005,1.032,0.21,0.49,1.05
2020-03-10 16:02:06.205396,0.011,-0.006,1.031,0.21,0.49,1.05
2020-03-10 16:02:06.205436,0.012,-0.006,1.031,0.21,0.56,1.12
2020-03-10 16:02:06.205466,0.01,-0.007,1.031,0.21,0.49,1.05
2020-03-10 16:02:06.205477,0.012,-0.005,1.031,0.21,0.56,1.05
2020-03-10 16:02:06.215817,0.011,-0.006,1.032,0.21,0.56,1.05
2020-03-10 16:02:06.231156,0.011,-0.006,1.031,0.21,0.49,1.05
2020-03-10 16:02:06.242902,0.012,-0.005,1.031,0.21,0.49,1.12
2020-03-10 16:02:06.242946,0.011,-0.006,1.031,0.21,0.56,1.05
2020-03-10 16:02:06.243033,0.011,-0.006,1.03,0.21,0.56,1.05
2020-03-10 16:02:06.263495,0.012,-0.006,1.032,0.21,0.49,1.05
2020-03-10 16:02:06.273920,0.011,-0.005,1.03,0.21,0.49,1.05
2020-03-10 16:02:06.294396,0.009000000000000001,-0.007,1.029,0.14,0.63,1.12
2020-03-10 16:02:06.304792,0.015,-0.009000000000000001,1.03,0.21,0.42,1.05
2020-03-10 16:02:06.320189,0.01,-0.005,1.033,0.14,0.49,1.05
2020-03-10 16:02:06.331366,0.011,-0.006,1.033,0.21,0.49,1.05
2020-03-10 16:02:06.336522,0.01,-0.007,1.032,0.21,0.56,1.05
2020-03-10 16:02:06.353252,0.01,-0.005,1.032,0.21,0.49,1.05
2020-03-10 16:02:06.368695,0.011,-0.005,1.032,0.14,0.56,1.05
2020-03-10 16:02:06.382272,0.01,-0.006,1.033,0.21,0.56,0.98
2020-03-10 16:02:06.392564,0.01,-0.004,1.031,0.21,0.42,1.05
2020-03-10 16:02:06.392613,0.011,-0.006,1.031,0.21,0.56,1.05
2020-03-10 16:02:06.392705,0.01,-0.005,1.03,0.21,0.56,1.05
2020-03-10 16:02:06.397910,0.011,-0.005,1.033,0.21,0.49,1.05
2020-03-10 16:02:06.413278,0.013000000000000001,-0.005,1.031,0.21,0.42,1.05
2020-03-10 16:02:06.413327,0.011,-0.005,1.033,0.21,0.56,1.05
2020-03-10 16:02:06.413344,0.005,-0.006,1.051,0.14,0.28,1.05
2020-03-10 16:02:06.413358,0.009000000000000001,-0.008,1.032,0.14,0.56,1.05
2020-03-10 16:02:06.418614,0.01,-0.006,1.032,0.14,0.56,0.98
2020-03-10 16:02:06.431513,0.011,-0.005,1.03,0.21,0.49,1.05
2020-03-10 16:02:06.431607,0.011,-0.006,1.03,0.21,0.56,1.05
2020-03-10 16:02:06.431636,0.012,-0.005,1.032,0.21,0.49,1.05
2020-03-10 16:02:06.431676,0.011,-0.006,1.029,0.14,0.49,1.05
2020-03-10 16:02:06.431728,0.011,-0.007,1.031,0.21,0.56,1.05
2020-03-10 16:02:06.431777,0.011,-0.005,1.032,0.21,0.56,1.05
2020-03-10 16:02:06.431823,0.011,-0.005,1.03,0.21,0.49,1.05
2020-03-10 16:02:06.431868,0.01,-0.006,1.03,0.21,0.42,1.05
2020-03-10 16:02:06.431912,0.012,-0.005,1.032,0.21,0.49,1.05
2020-03-10 16:02:06.431959,0.009000000000000001,-0.006,1.042,0.21,0.42,1.05
2020-03-10 16:02:06.432018,0.012,-0.006,1.029,0.21,0.49,1.05
2020-03-10 16:02:06.432062,0.011,-0.006,1.029,0.21,0.42,1.05
2020-03-10 16:02:06.432107,0.013000000000000001,-0.007,1.025,0.21,0.56,1.05
2020-03-10 16:02:06.432153,0.013000000000000001,-0.006,1.024,0.21,0.28,1.05
2020-03-10 16:02:06.432197,0.012,-0.005,1.038,0.21,0.56,1.05
2020-03-10 16:02:06.432242,0.013000000000000001,-0.005,1.029,0.21,0.56,1.05
2020-03-10 16:02:06.432287,0.013000000000000001,-0.005,1.03,0.21,0.49,1.05
2020-03-10 16:02:06.432331,0.012,-0.006,1.031,0.14,0.49,1.05
2020-03-10 16:02:06.432377,0.013000000000000001,-0.006,1.031,0.21,0.56,1.12
2020-03-10 16:02:06.432423,0.013000000000000001,-0.005,1.029,0.21,0.56,1.05
2020-03-10 16:02:06.432468,0.014,-0.006,1.034,0.14,0.56,1.05
2020-03-10 16:02:06.432513,0.011,-0.005,1.031,0.14,0.56,1.05
2020-03-10 16:02:06.432559,0.013000000000000001,-0.006,1.031,0.14,0.56,1.05
2020-03-10 16:02:06.432605,0.012,-0.006,1.031,0.21,0.49,1.05
2020-03-10 16:02:06.432650,0.014,-0.005,1.031,0.21,0.56,1.05
2020-03-10 16:02:06.432695,0.013000000000000001,-0.006,1.032,0.21,0.56,1.05
2020-03-10 16:02:06.432741,0.013000000000000001,-0.006,1.032,0.21,0.49,1.05
2020-03-10 16:02:06.432786,0.013000000000000001,-0.005,1.032,0.21,0.49,1.05
2020-03-10 16:02:06.432832,0.012,-0.006,1.03,0.21,0.49,1.05
2020-03-10 16:02:06.432879,0.012,-0.006,1.031,0.14,0.49,1.05
2020-03-10 16:02:06.432923,0.012,-0.005,1.031,0.21,0.49,1.05
2020-03-10 16:02:06.432970,0.012,-0.006,1.032,0.21,0.56,1.05
2020-03-10 16:02:06.433003,0.012,-0.005,1.032,0.21,0.49,0.98
2020-03-10 16:02:06.433062,0.013000000000000001,-0.006,1.031,0.21,0.56,1.05
2020-03-10 16:02:06.433110,0.013000000000000001,-0.006,1.03,0.21,0.49,0.98
2020-03-10 16:02:06.433156,0.012,-0.005,1.031,0.21,0.56,1.05
2020-03-10 16:02:06.433203,0.012,-0.007,1.031,0.21,0.49,1.05
2020-03-10 16:02:06.433248,0.011,-0.006,1.032,0.21,0.56,1.05
2020-03-10 16:02:06.433294,0.013000000000000001,-0.007,1.029,0.21,0.49,1.05
2020-03-10 16:02:06.433340,0.012,-0.007,1.03,0.14,0.56,1.05
2020-03-10 16:02:06.433386,0.013000000000000001,-0.006,1.031,0.21,0.49,1.05
2020-03-10 16:02:06.433431,0.012,-0.005,1.031,0.21,0.49,1.12
2020-03-10 16:02:06.433476,0.012,-0.005,1.032,0.21,0.49,1.05
2020-03-10 16:02:06.433523,0.013000000000000001,-0.005,1.032,0.21,0.49,1.05
2020-03-10 16:02:06.433569,0.013000000000000001,-0.006,1.03,0.21,0.56,1.05
2020-03-10 16:02:06.433616,0.012,-0.006,1.03,0.21,0.49,1.05
2020-03-10 16:02:06.433662,0.013000000000000001,-0.005,1.031,0.21,0.49,0.98
2020-03-10 16:02:06.433707,0.013000000000000001,-0.006,1.031,0.21,0.56,1.05
2020-03-10 16:02:06.433752,0.012,-0.006,1.031,0.21,0.56,1.05
2020-03-10 16:02:06.433797,0.013000000000000001,-0.006,1.032,0.21,0.49,1.05
2020-03-10 16:02:06.433842,0.012,-0.006,1.031,0.21,0.49,1.05
2020-03-10 16:02:06.433886,0.012,-0.005,1.031,0.21,0.49,1.05
2020-03-10 16:02:06.433934,0.013000000000000001,-0.006,1.031,0.14,0.56,1.05
2020-03-10 16:02:06.433979,0.012,-0.006,1.031,0.14,0.49,1.05
2020-03-10 16:02:06.434024,0.013000000000000001,-0.005,1.032,0.14,0.49,1.05
2020-03-10 16:02:06.434069,0.012,-0.006,1.032,0.21,0.56,1.05
2020-03-10 16:02:06.434114,0.012,-0.006,1.031,0.14,0.56,1.05
2020-03-10 16:02:06.434158,0.012,-0.005,1.032,0.21,0.42,1.05
2020-03-10 16:02:06.434204,0.012,-0.006,1.03,0.21,0.49,1.05
2020-03-10 16:02:06.434238,0.012,-0.006,1.033,0.21,0.56,1.05
2020-03-10 16:02:06.434281,0.012,-0.005,1.03,0.21,0.49,1.05
2020-03-10 16:02:06.434327,0.013000000000000001,-0.004,1.033,0.21,0.35000000000000003,1.05
2020-03-10 16:02:06.434373,0.014,-0.007,1.034,0.21,0.49,1.12
2020-03-10 16:02:06.434419,0.014,-0.006,1.03,0.21,0.49,0.98
2020-03-10 16:02:06.434465,0.014,-0.006,1.035,0.14,0.56,1.05
2020-03-10 16:02:06.434511,0.013000000000000001,-0.006,1.034,0.21,0.56,1.05
2020-03-10 16:02:06.434544,0.012,-0.006,1.034,0.14,0.56,1.05
2020-03-10 16:02:06.434579,0.014,-0.005,1.032,0.21,0.49,0.98
2020-03-10 16:02:06.434625,0.015,-0.006,1.031,0.21,0.56,1.05
2020-03-10 16:02:06.434659,0.013000000000000001,-0.005,1.031,0.14,0.56,1.12
2020-03-10 16:02:06.434693,0.013000000000000001,-0.005,1.03,0.21,0.56,1.05
2020-03-10 16:02:06.434745,0.012,-0.007,1.033,0.21,0.56,1.05
2020-03-10 16:02:06.434779,0.015,-0.005,1.029,0.21,0.63,1.05
2020-03-10 16:02:06.434815,0.013000000000000001,-0.005,1.031,0.21,0.63,1.05
2020-03-10 16:02:06.434861,0.013000000000000001,-0.006,1.03,0.14,0.56,1.05
2020-03-10 16:02:06.434894,0.014,-0.005,1.032,0.21,0.56,1.05
2020-03-10 16:02:06.434929,0.012,-0.006,1.031,0.21,0.49,1.05
2020-03-10 16:02:06.435089,0.014,-0.006,1.03,0.21,0.49,1.05
2020-03-10 16:02:06.435129,0.012,-0.007,1.03,0.14,0.56,1.05
2020-03-10 16:02:06.435172,0.014,-0.005,1.032,0.21,0.56,1.05
2020-03-10 16:02:06.435222,0.013000000000000001,-0.005,1.031,0.21,0.49,1.05
2020-03-10 16:02:06.435269,0.013000000000000001,-0.006,1.031,0.21,0.49,1.05
2020-03-10 16:02:06.435303,0.012,-0.006,1.028,0.21,0.56,1.05
2020-03-10 16:02:06.435327,0.012,-0.006,1.032,0.14,0.49,1.05
2020-03-10 16:02:06.435364,0.012,-0.006,1.03,0.21,0.42,1.05
2020-03-10 16:02:06.435410,0.012,-0.006,1.028,0.14,0.56,1.05
2020-03-10 16:02:06.435446,0.013000000000000001,-0.005,1.032,0.14,0.56,1.05
2020-03-10 16:02:06.435466,0.013000000000000001,-0.006,1.032,0.21,0.49,1.05
2020-03-10 16:02:06.435525,0.012,-0.006,1.028,0.21,0.49,1.05
2020-03-10 16:02:06.435559,0.014,-0.006,1.033,0.14,0.56,1.05
2020-03-10 16:02:06.435591,0.013000000000000001,-0.006,1.031,0.21,0.49,1.05
2020-03-10 16:02:06.435611,0.013000000000000001,-0.005,1.03,0.21,0.49,1.05
2020-03-10 16:02:06.435667,0.013000000000000001,-0.004,1.033,0.21,0.49,1.05
2020-03-10 16:02:06.435699,0.013000000000000001,-0.004,1.032,0.21,0.56,1.05
2020-03-10 16:02:06.435727,0.013000000000000001,-0.007,1.031,0.21,0.49,1.05
2020-03-10 16:02:06.435796,0.013000000000000001,-0.006,1.031,0.21,0.56,1.05
2020-03-10 16:02:06.435815,0.012,-0.006,1.031,0.21,0.56,1.05
2020-03-10 16:02:06.435830,0.013000000000000001,-0.005,1.032,0.21,0.49,1.05
2020-03-10 16:02:06.435844,0.013000000000000001,-0.005,1.03,0.14,0.49,1.05
2020-03-10 16:02:06.435858,0.013000000000000001,-0.005,1.031,0.21,0.56,1.05
2020-03-10 16:02:06.435919,0.013000000000000001,-0.006,1.031,0.21,0.49,1.05
2020-03-10 16:02:06.435957,0.013000000000000001,-0.007,1.031,0.21,0.49,1.05
2020-03-10 16:02:06.435995,0.012,-0.006,1.03,0.14,0.56,1.05
2020-03-10 16:02:06.436464,0.013000000000000001,-0.006,1.032,0.21,0.49,0.98
2020-03-10 16:02:06.441665,0.012,-0.006,1.031,0.21,0.49,1.05
2020-03-10 16:02:06.446840,0.012,-0.004,1.031,0.21,0.49,1.05
2020-03-10 16:02:06.446885,0.012,-0.005,1.028,0.14,0.56,1.05
2020-03-10 16:02:06.446901,0.013000000000000001,-0.006,1.032,0.21,0.56,1.05
2020-03-10 16:02:06.446914,0.013000000000000001,-0.006,1.031,0.21,0.49,1.05
2020-03-10 16:02:06.446926,0.013000000000000001,-0.005,1.031,0.21,0.49,1.12
2020-03-10 16:02:06.452127,0.013000000000000001,-0.005,1.031,0.14,0.49,1.05
2020-03-10 16:02:06.452368,0.013000000000000001,-0.006,1.031,0.21,0.49,1.05
2020-03-10 16:02:06.452411,0.013000000000000001,-0.006,1.032,0.21,0.49,1.05
2020-03-10 16:02:06.467803,0.013000000000000001,-0.006,1.031,0.21,0.49,1.05
2020-03-10 16:02:06.478100,0.013000000000000001,-0.006,1.03,0.21,0.49,0.98
2020-03-10 16:02:06.478156,0.013000000000000001,-0.006,1.032,0.21,0.56,1.05
2020-03-10 16:02:06.478254,0.012,-0.006,1.03,0.21,0.49,1.05
2020-03-10 16:02:06.493593,0.012,-0.005,1.032,0.21,0.49,1.05
2020-03-10 16:02:06.503900,0.012,-0.006,1.032,0.21,0.56,1.05
2020-03-10 16:02:06.514177,0.013000000000000001,-0.005,1.03,0.21,0.56,1.05
2020-03-10 16:02:06.514223,0.013000000000000001,-0.005,1.031,0.21,0.49,1.12
2020-03-10 16:02:06.514301,0.013000000000000001,-0.006,1.031,0.21,0.49,1.12
2020-03-10 16:02:06.514331,0.014,-0.005,1.031,0.21,0.56,1.12
2020-03-10 16:02:06.519485,0.012,-0.005,1.031,0.21,0.56,1.05
2020-03-10 16:02:06.519518,0.012,-0.005,1.033,0.21,0.49,1.05
2020-03-10 16:02:06.555235,0.013000000000000001,-0.007,1.031,0.21,0.49,1.05
2020-03-10 16:02:06.560395,0.012,-0.006,1.03,0.21,0.56,1.05
2020-03-10 16:02:06.565732,0.012,-0.006,1.031,0.21,0.49,0.98
2020-03-10 16:02:06.576099,0.013000000000000001,-0.005,1.031,0.21,0.49,1.05
2020-03-10 16:02:06.576153,0.012,-0.005,1.032,0.21,0.49,1.05
2020-03-10 16:02:06.576233,0.012,-0.005,1.031,0.21,0.56,1.05
2020-03-10 16:02:06.591579,0.013000000000000001,-0.006,1.031,0.21,0.49,1.05
2020-03-10 16:02:06.617121,0.013000000000000001,-0.005,1.031,0.21,0.56,1.12
2020-03-10 16:02:06.622313,0.012,-0.005,1.031,0.21,0.49,1.12
2020-03-10 16:02:06.637706,0.012,-0.005,1.032,0.21,0.49,1.05
2020-03-10 16:02:06.663235,0.013000000000000001,-0.005,1.031,0.21,0.49,1.05
2020-03-10 16:02:06.668448,0.012,-0.006,1.031,0.21,0.56,1.05
2020-03-10 16:02:06.673769,0.013000000000000001,-0.005,1.032,0.14,0.56,1.05
2020-03-10 16:02:06.678975,0.013000000000000001,-0.006,1.033,0.21,0.49,1.05
2020-03-10 16:02:06.679004,0.014,-0.006,1.031,0.21,0.56,1.05
2020-03-10 16:02:06.679021,0.013000000000000001,-0.005,1.032,0.21,0.56,1.05
2020-03-10 16:02:06.679112,0.012,-0.005,1.033,0.21,0.42,1.05
2020-03-10 16:02:06.679141,0.012,-0.005,1.031,0.14,0.56,1.05
2020-03-10 16:02:06.684282,0.013000000000000001,-0.005,1.032,0.14,0.49,1.05
2020-03-10 16:02:06.717427,0.012,-0.007,1.032,0.14,0.56,1.05
2020-03-10 16:02:06.737972,0.012,-0.006,1.031,0.14,0.49,1.05
2020-03-10 16:02:06.753251,0.012,-0.005,1.032,0.14,0.56,1.05
2020-03-10 16:02:06.768619,0.012,-0.006,1.032,0.14,0.49,1.05
2020-03-10 16:02:06.773889,0.012,-0.005,1.031,0.21,0.49,1.05
2020-03-10 16:02:06.779069,0.012,-0.005,1.032,0.21,0.49,1.05
2020-03-10 16:02:06.784461,0.013000000000000001,-0.005,1.031,0.14,0.56,1.05
2020-03-10 16:02:06.789638,0.014,-0.006,1.032,0.21,0.49,1.05
2020-03-10 16:02:06.794846,0.012,-0.006,1.031,0.21,0.49,1.05
2020-03-10 16:02:06.800026,0.013000000000000001,-0.005,1.032,0.14,0.56,1.05
2020-03-10 16:02:06.805198,0.013000000000000001,-0.005,1.032,0.21,0.49,0.98
2020-03-10 16:02:06.817527,0.013000000000000001,-0.005,1.031,0.21,0.49,1.12
2020-03-10 16:02:06.817646,0.012,-0.006,1.031,0.21,0.56,1.12
2020-03-10 16:02:06.822872,0.013000000000000001,-0.006,1.026,0.21,0.56,1.05
2020-03-10 16:02:06.822918,0.012,-0.005,1.035,0.14,0.56,1.05
2020-03-10 16:02:06.822965,0.013000000000000001,-0.005,1.032,0.21,0.56,1.05
2020-03-10 16:02:06.822981,0.013000000000000001,-0.005,1.031,0.21,0.42,1.05
2020-03-10 16:02:06.838514,0.014,-0.005,1.031,0.21,0.49,0.98
2020-03-10 16:02:06.848864,0.012,-0.006,1.03,0.14,0.56,1.05
2020-03-10 16:02:06.854066,0.012,-0.007,1.031,0.21,0.56,1.05
2020-03-10 16:02:06.869431,0.012,-0.004,1.033,0.21,0.49,1.05
2020-03-10 16:02:06.874682,0.011,-0.005,1.034,0.14,0.63,1.05
2020-03-10 16:02:06.879997,0.011,-0.005,1.032,0.14,0.56,1.05
2020-03-10 16:02:06.880043,0.013000000000000001,-0.007,1.033,0.21,0.49,1.05
2020-03-10 16:02:06.880133,0.012,-0.005,1.032,0.21,0.42,1.05
2020-03-10 16:02:06.880231,0.014,-0.004,1.026,0.14,0.56,1.05
2020-03-10 16:02:06.885360,0.012,-0.005,1.029,0.21,0.49,0.98
2020-03-10 16:02:06.890547,0.013000000000000001,-0.006,1.031,0.14,0.84,1.05
2020-03-10 16:02:06.895857,0.011,-0.004,1.031,0.21,0.56,1.05
2020-03-10 16:02:06.906128,0.01,-0.006,1.03,0.14,0.49,1.05
2020-03-10 16:02:06.911457,0.011,-0.006,1.031,0.14,0.56,1.05
2020-03-10 16:02:06.911501,0.012,-0.005,1.031,0.21,0.49,1.12
2020-03-10 16:02:06.911608,0.011,-0.006,1.031,0.14,0.56,1.05
2020-03-10 16:02:06.911636,0.012,-0.006,1.016,0.14,0.56,1.05
2020-03-10 16:02:06.911655,0.011,-0.006,1.034,0.21,0.56,1.05
2020-03-10 16:02:06.911668,0.012,-0.006,1.028,0.21,0.49,1.05
2020-03-10 16:02:06.927182,0.011,-0.006,1.032,0.21,0.42,0.98
2020-03-10 16:02:06.947656,0.011,-0.006,1.032,0.14,0.56,1.05
2020-03-10 16:02:06.963038,0.013000000000000001,-0.007,1.032,0.21,0.49,1.05
2020-03-10 16:02:06.978482,0.011,-0.005,1.033,0.21,0.49,1.05
2020-03-10 16:02:06.988804,0.011,-0.005,1.031,0.14,0.49,1.05
2020-03-10 16:02:07.001092,0.012,-0.006,1.03,0.21,0.49,1.05
2020-03-10 16:02:07.011468,0.012,-0.006,1.03,0.21,0.56,1.05
2020-03-10 16:02:07.016687,0.012,-0.006,1.028,0.14,0.56,1.05
2020-03-10 16:02:07.027338,0.01,-0.007,1.033,0.21,0.56,1.05
2020-03-10 16:02:07.042707,0.011,-0.006,1.034,0.21,0.49,1.05
2020-03-10 16:02:07.042875,0.011,-0.006,1.033,0.14,0.56,0.98
2020-03-10 16:02:07.042902,0.012,-0.006,1.03,0.21,0.49,1.05
2020-03-10 16:02:07.042919,0.012,-0.006,1.031,0.21,0.49,1.05
2020-03-10 16:02:07.053200,0.012,-0.007,1.032,0.21,0.56,1.05
2020-03-10 16:02:07.058424,0.011,-0.006,1.032,0.21,0.49,1.05
2020-03-10 16:02:07.073846,0.012,-0.006,1.031,0.21,0.49,1.05
2020-03-10 16:02:07.079119,0.01,-0.006,1.031,0.14,0.56,1.05
2020-03-10 16:02:07.079156,0.011,-0.006,1.031,0.14,0.56,0.98
2020-03-10 16:02:07.079249,0.012,-0.006,1.031,0.21,0.49,1.05
2020-03-10 16:02:07.079274,0.01,-0.006,1.039,0.21,0.56,1.05
2020-03-10 16:02:07.084391,0.012,-0.005,1.032,0.21,0.49,1.05
2020-03-10 16:02:07.099757,0.011,-0.006,1.033,0.21,0.42,1.05
2020-03-10 16:02:07.105106,0.011,-0.006,1.036,0.21,0.49,1.05
2020-03-10 16:02:07.120486,0.011,-0.007,1.03,0.21,0.49,1.05
2020-03-10 16:02:07.120578,0.011,-0.006,1.031,0.21,0.49,1.12
2020-03-10 16:02:07.141120,0.01,-0.006,1.035,0.21,0.49,1.05
2020-03-10 16:02:07.161605,0.012,-0.006,1.031,0.21,0.56,0.98
2020-03-10 16:02:07.187157,0.012,-0.007,1.03,0.14,0.56,1.05
2020-03-10 16:02:07.197458,0.01,-0.005,1.031,0.14,0.49,1.05
2020-03-10 16:02:07.210304,0.012,-0.006,1.032,0.21,0.49,1.05
2020-03-10 16:02:07.210423,0.011,-0.005,1.03,0.21,0.56,1.05
2020-03-10 16:02:07.215590,0.012,-0.006,1.026,0.21,0.42,1.05
2020-03-10 16:02:07.215618,0.011,-0.006,1.031,0.14,0.49,1.05
2020-03-10 16:02:07.215633,0.011,-0.005,1.031,0.14,0.49,1.12
2020-03-10 16:02:07.215744,0.012,-0.006,1.032,0.21,0.56,1.05
2020-03-10 16:02:07.231275,0.011,-0.005,1.031,0.21,0.49,1.05
2020-03-10 16:02:07.246831,0.01,-0.007,1.028,0.14,0.56,1.05
2020-03-10 16:02:07.267322,0.011,-0.006,1.03,0.21,0.49,1.05
2020-03-10 16:02:07.282325,0.011,-0.006,1.032,0.21,0.49,1.05
2020-03-10 16:02:07.282370,0.011,-0.005,1.032,0.14,0.56,1.05
2020-03-10 16:02:07.282385,0.01,-0.005,1.033,0.21,0.49,1.05
2020-03-10 16:02:07.282467,0.011,-0.006,1.032,0.14,0.56,1.05
2020-03-10 16:02:07.287618,0.012,-0.005,1.028,0.21,0.49,1.05
2020-03-10 16:02:07.287700,0.011,-0.005,1.031,0.21,0.56,1.05
2020-03-10 16:02:07.320750,0.011,-0.007,1.031,0.21,0.56,1.05
2020-03-10 16:02:07.336160,0.01,-0.006,1.033,0.21,0.49,1.05
2020-03-10 16:02:07.336283,0.011,-0.006,1.032,0.21,0.56,1.05
2020-03-10 16:02:07.336299,0.011,-0.006,1.031,0.21,0.56,1.05
2020-03-10 16:02:07.336355,0.012,-0.006,1.03,0.21,0.56,0.98
2020-03-10 16:02:07.336368,0.011,-0.006,1.031,0.21,0.49,1.05
2020-03-10 16:02:07.336474,0.011,-0.006,1.03,0.21,0.49,1.05
2020-03-10 16:02:07.352036,0.012,-0.006,1.032,0.21,0.49,0.98
2020-03-10 16:02:07.357337,0.012,-0.005,1.031,0.21,0.56,0.98
2020-03-10 16:02:07.362503,0.012,-0.006,1.031,0.14,0.49,1.05
2020-03-10 16:02:07.367736,0.012,-0.007,1.031,0.21,0.49,1.05
2020-03-10 16:02:07.372984,0.011,-0.006,1.031,0.21,0.49,1.05
2020-03-10 16:02:07.373082,0.011,-0.005,1.027,0.21,0.49,1.05
2020-03-10 16:02:07.373210,0.01,-0.005,1.031,0.21,0.49,1.05
2020-03-10 16:02:07.373342,0.012,-0.005,1.032,0.21,0.49,1.05
2020-03-10 16:02:07.378552,0.012,-0.006,1.033,0.21,0.56,1.05
2020-03-10 16:02:07.393914,0.011,-0.006,1.034,0.14,0.56,1.05
2020-03-10 16:02:07.399094,0.011,-0.006,1.03,0.21,0.49,1.05
2020-03-10 16:02:07.404308,0.01,-0.006,1.03,0.14,0.56,1.05
2020-03-10 16:02:07.404421,0.01,-0.004,1.031,0.21,0.49,1.05
2020-03-10 16:02:07.404444,0.011,-0.006,1.031,0.21,0.49,1.05
2020-03-10 16:02:07.419912,0.012,-0.005,1.031,0.21,0.49,1.05
2020-03-10 16:02:07.430187,0.011,-0.006,1.031,0.14,0.49,1.05
2020-03-10 16:02:07.435478,0.011,-0.006,1.031,0.21,0.56,1.05
2020-03-10 16:02:07.445932,0.013000000000000001,-0.007,1.03,0.21,0.49,1.05
2020-03-10 16:02:07.466394,0.013000000000000001,-0.006,1.032,0.21,0.49,1.12
2020-03-10 16:02:07.476822,0.01,-0.007,1.043,0.21,0.56,1.05
2020-03-10 16:02:07.487127,0.011,-0.005,1.03,0.21,0.49,1.05
2020-03-10 16:02:07.492347,0.011,-0.006,1.028,0.21,0.49,1.05
2020-03-10 16:02:07.497612,0.01,-0.006,1.033,0.21,0.42,1.05
2020-03-10 16:02:07.512986,0.011,-0.006,1.03,0.21,0.49,1.05
2020-03-10 16:02:07.513036,0.011,-0.004,1.032,0.21,0.49,1.05
2020-03-10 16:02:07.513123,0.01,-0.004,1.027,0.21,0.49,1.05
2020-03-10 16:02:07.518281,0.011,-0.005,1.03,0.21,0.49,1.05
2020-03-10 16:02:07.528695,0.01,-0.005,1.032,0.14,0.56,1.05
2020-03-10 16:02:07.538980,0.012,-0.005,1.028,0.14,0.56,1.05
2020-03-10 16:02:07.539031,0.012,-0.005,1.028,0.21,0.49,1.05
2020-03-10 16:02:07.539162,0.012,-0.006,1.031,0.21,0.49,1.05
2020-03-10 16:02:07.539192,0.011,-0.005,1.033,0.14,0.56,0.98
2020-03-10 16:02:07.539210,0.011,-0.006,1.031,0.21,0.56,1.05
2020-03-10 16:02:07.549608,0.011,-0.005,1.031,0.21,0.49,1.05
2020-03-10 16:02:07.560004,0.012,-0.006,1.031,0.14,0.56,1.05
2020-03-10 16:02:07.580487,0.012,-0.005,1.03,0.21,0.56,1.05
2020-03-10 16:02:07.590778,0.011,-0.006,1.031,0.21,0.49,1.05
2020-03-10 16:02:07.596069,0.013000000000000001,-0.005,1.034,0.21,0.49,1.12
2020-03-10 16:02:07.602771,0.011,-0.005,1.031,0.21,0.49,1.05
2020-03-10 16:02:07.602817,0.013000000000000001,-0.006,1.032,0.14,0.42,1.05
2020-03-10 16:02:07.602877,0.011,-0.006,1.031,0.21,0.56,1.05
2020-03-10 16:02:07.602892,0.012,-0.006,1.031,0.21,0.49,1.05
2020-03-10 16:02:07.602907,0.012,-0.005,1.032,0.21,0.35000000000000003,1.05
2020-03-10 16:02:07.602923,0.011,-0.006,1.031,0.14,0.56,1.05
2020-03-10 16:02:07.628819,0.012,-0.005,1.032,0.14,0.56,1.12
2020-03-10 16:02:07.644211,0.011,-0.005,1.03,0.14,0.56,1.05
2020-03-10 16:02:07.654822,0.011,-0.007,1.03,0.21,0.49,1.05
2020-03-10 16:02:07.670213,0.01,-0.005,1.04,0.21,0.56,1.05
2020-03-10 16:02:07.675528,0.011,-0.006,1.022,0.21,0.35000000000000003,1.05
2020-03-10 16:02:07.680697,0.013000000000000001,-0.005,1.042,0.21,0.56,1.05
2020-03-10 16:02:07.685913,0.012,-0.006,1.035,0.21,0.49,1.05
2020-03-10 16:02:07.685941,0.012,-0.008,1.035,0.21,0.56,1.05
2020-03-10 16:02:07.685958,0.011,-0.006,1.032,0.21,0.49,1.05
2020-03-10 16:02:07.701306,0.011,-0.006,1.03,0.21,0.49,1.05
2020-03-10 16:02:07.716679,0.012,-0.008,1.029,0.14,0.56,1.05
2020-03-10 16:02:07.716715,0.011,-0.006,1.031,0.14,0.56,0.98
2020-03-10 16:02:07.727059,0.012,-0.005,1.029,0.21,0.56,1.05
2020-03-10 16:02:07.742433,0.011,-0.004,1.032,0.14,0.63,1.05
2020-03-10 16:02:07.757819,0.011,-0.005,1.033,0.21,0.49,1.05
2020-03-10 16:02:07.757865,0.011,-0.006,1.029,0.21,0.56,1.05
2020-03-10 16:02:07.773275,0.012,-0.006,1.029,0.14,0.49,1.05
2020-03-10 16:02:07.778521,0.009000000000000001,-0.006,1.034,0.14,0.56,1.05
2020-03-10 16:02:07.783667,0.011,-0.006,1.031,0.14,0.49,1.05
2020-03-10 16:02:07.809187,0.012,-0.006,1.033,0.21,0.56,1.05
2020-03-10 16:02:07.814415,0.01,-0.005,1.031,0.21,0.49,1.05
2020-03-10 16:02:07.824656,0.012,-0.006,1.031,0.14,0.56,1.05
2020-03-10 16:02:07.829821,0.012,-0.005,1.032,0.14,0.56,1.05
2020-03-10 16:02:07.834920,0.012,-0.005,1.033,0.14,0.56,1.05
2020-03-10 16:02:07.845188,0.011,-0.005,1.03,0.21,0.07,1.05
2020-03-10 16:02:07.860824,0.012,-0.006,1.031,0.14,0.56,1.05
2020-03-10 16:02:07.881313,0.012,-0.006,1.032,0.21,0.49,1.05
2020-03-10 16:02:07.891700,0.011,-0.005,1.036,0.14,0.7000000000000001,1.05
2020-03-10 16:02:07.896923,0.012,-0.005,1.028,0.14,0.56,1.05
2020-03-10 16:02:07.902145,0.01,-0.005,1.031,0.21,0.49,1.12
2020-03-10 16:02:07.902294,0.012,-0.005,1.031,0.14,0.49,1.05
2020-03-10 16:02:07.907453,0.012,-0.006,1.032,0.21,0.49,1.05
2020-03-10 16:02:07.919844,0.011,-0.007,1.031,0.14,0.49,1.05
2020-03-10 16:02:07.925191,0.012,-0.006,1.032,0.14,0.56,1.05
2020-03-10 16:02:07.925274,0.011,-0.006,1.031,0.14,0.49,1.05
2020-03-10 16:02:07.925294,0.011,-0.005,1.031,0.21,0.56,1.05
2020-03-10 16:02:07.925327,0.013000000000000001,-0.006,1.032,0.21,0.49,0.98
2020-03-10 16:02:07.925366,0.007,-0.007,1.032,0.14,0.49,1.05
2020-03-10 16:02:07.951358,0.011,-0.006,1.033,0.21,0.56,1.05
2020-03-10 16:02:07.971873,0.012,-0.006,1.03,0.21,0.56,1.05
2020-03-10 16:02:07.982189,0.012,-0.006,1.029,0.14,0.56,1.05
2020-03-10 16:02:07.992446,0.011,-0.006,1.034,0.21,0.49,1.05
2020-03-10 16:02:08.007828,0.013000000000000001,-0.006,1.031,0.21,0.49,1.05
2020-03-10 16:02:08.012998,0.011,-0.006,1.031,0.14,0.56,0.98
2020-03-10 16:02:08.018923,0.012,-0.006,1.031,0.21,0.42,1.05
2020-03-10 16:02:08.024118,0.011,-0.006,1.03,0.21,0.49,1.05
2020-03-10 16:02:08.044565,0.012,-0.007,1.031,0.21,0.49,1.05
2020-03-10 16:02:08.044616,0.012,-0.005,1.029,0.21,0.56,1.05
2020-03-10 16:02:08.049798,0.012,-0.006,1.032,0.21,0.49,1.05
2020-03-10 16:02:08.060156,0.011,-0.006,1.031,0.21,0.49,1.05
2020-03-10 16:02:08.075612,0.01,-0.006,1.031,0.14,0.56,1.05
2020-03-10 16:02:08.075751,0.012,-0.006,1.031,0.14,0.42,1.05
2020-03-10 16:02:08.075782,0.011,-0.006,1.03,0.21,0.56,1.05
2020-03-10 16:02:08.085978,0.012,-0.006,1.032,0.21,0.56,1.05
2020-03-10 16:02:08.091174,0.01,-0.006,1.031,0.21,0.49,1.05
2020-03-10 16:02:08.106544,0.01,-0.006,1.03,0.14,0.49,1.05
2020-03-10 16:02:08.111736,0.011,-0.005,1.03,0.21,0.56,1.05
2020-03-10 16:02:08.122101,0.011,-0.006,1.03,0.21,0.49,1.05
2020-03-10 16:02:08.129534,0.012,-0.006,1.03,0.21,0.56,1.05
2020-03-10 16:02:08.144842,0.011,-0.007,1.031,0.21,0.49,1.05
2020-03-10 16:02:08.155140,0.011,-0.005,1.03,0.21,0.49,1.05
2020-03-10 16:02:08.170542,0.012,-0.006,1.031,0.14,0.49,1.05
2020-03-10 16:02:08.191029,0.011,-0.005,1.031,0.14,0.49,1.05
2020-03-10 16:02:08.211539,0.012,-0.006,1.031,0.21,0.56,1.05
2020-03-10 16:02:08.216754,0.011,-0.006,1.032,0.21,0.49,1.05
2020-03-10 16:02:08.227532,0.012,-0.006,1.031,0.14,0.63,1.05
2020-03-10 16:02:08.232706,0.011,-0.005,1.032,0.21,0.49,1.05
2020-03-10 16:02:08.237970,0.011,-0.006,1.032,0.14,0.56,1.05
2020-03-10 16:02:08.253366,0.011,-0.005,1.032,0.21,0.49,1.12
2020-03-10 16:02:08.263749,0.012,-0.006,1.028,0.14,0.63,1.05
2020-03-10 16:02:08.279033,0.01,-0.007,1.031,0.21,0.49,1.05
2020-03-10 16:02:08.294448,0.012,-0.006,1.031,0.21,0.56,1.05
2020-03-10 16:02:08.304728,0.012,-0.007,1.03,0.14,0.56,1.05
2020-03-10 16:02:08.309921,0.011,-0.006,1.034,0.21,0.49,1.05
2020-03-10 16:02:08.325269,0.011,-0.006,1.032,0.14,0.56,1.05
2020-03-10 16:02:08.340647,0.011,-0.006,1.032,0.14,0.49,1.05
2020-03-10 16:02:08.355983,0.011,-0.006,1.03,0.21,0.49,1.05
2020-03-10 16:02:08.356072,0.011,-0.007,1.032,0.21,0.56,1.05
2020-03-10 16:02:08.356183,0.012,-0.006,1.031,0.21,0.56,1.05
2020-03-10 16:02:08.381688,0.011,-0.005,1.032,0.14,0.49,1.05
2020-03-10 16:02:08.386875,0.011,-0.006,1.032,0.21,0.49,1.05
2020-03-10 16:02:08.402229,0.012,-0.005,1.032,0.21,0.49,1.05
2020-03-10 16:02:08.422715,0.011,-0.006,1.029,0.14,0.63,1.05
2020-03-10 16:02:08.428015,0.012,-0.007,1.033,0.21,0.49,1.05
2020-03-10 16:02:08.448498,0.011,-0.006,1.032,0.21,0.56,1.05
2020-03-10 16:02:08.448736,0.012,-0.006,1.032,0.21,0.49,1.05
2020-03-10 16:02:08.448762,0.012,-0.005,1.031,0.14,0.56,1.05
2020-03-10 16:02:08.448833,0.013000000000000001,-0.007,1.031,0.21,0.35000000000000003,1.05
2020-03-10 16:02:08.449013,0.012,-0.005,1.027,0.21,0.63,1.05
2020-03-10 16:02:08.464392,0.013000000000000001,-0.005,1.029,0.14,0.49,1.05
2020-03-10 16:02:08.464445,0.01,-0.004,1.031,0.21,0.42,1.12
2020-03-10 16:02:08.464541,0.013000000000000001,-0.005,1.029,0.21,0.42,1.12
2020-03-10 16:02:08.469728,0.009000000000000001,-0.003,1.027,0.21,0.49,1.05
2020-03-10 16:02:08.485129,0.016,-0.005,1.035,0.28,0.42,1.05
2020-03-10 16:02:08.485336,0.014,-0.008,1.032,0.21,0.35000000000000003,1.05
2020-03-10 16:02:08.490551,0.01,-0.006,1.028,0.21,0.42,1.05
2020-03-10 16:02:08.505962,0.013000000000000001,-0.006,1.031,0.14,0.56,1.05
2020-03-10 16:02:08.516280,0.012,-0.007,1.034,0.21,0.56,1.05
2020-03-10 16:02:08.526606,0.012,-0.006,1.031,0.21,0.49,1.05
2020-03-10 16:02:08.542049,0.011,-0.006,1.032,0.21,0.49,1.05
2020-03-10 16:02:08.554017,0.011,-0.006,1.033,0.14,0.56,1.05
2020-03-10 16:02:08.559189,0.011,-0.005,1.031,0.14,0.49,1.05
2020-03-10 16:02:08.569486,0.011,-0.006,1.031,0.14,0.56,1.12
2020-03-10 16:02:08.579849,0.012,-0.006,1.03,0.21,0.49,1.05
2020-03-10 16:02:08.585078,0.012,-0.007,1.032,0.14,0.49,1.05
2020-03-10 16:02:08.600378,0.011,-0.005,1.032,0.21,0.49,1.05
2020-03-10 16:02:08.605592,0.01,-0.006,1.029,0.14,0.63,0.98
2020-03-10 16:02:08.610779,0.01,-0.006,1.031,0.21,0.56,1.05
2020-03-10 16:02:08.610824,0.011,-0.006,1.033,0.14,0.63,1.05
2020-03-10 16:02:08.610839,0.011,-0.006,1.028,0.21,0.42,1.05
2020-03-10 16:02:08.610852,0.013000000000000001,-0.007,1.024,0.14,0.56,1.05
2020-03-10 16:02:08.616145,0.014,-0.004,1.027,0.21,0.35000000000000003,1.12
2020-03-10 16:02:08.616247,0.011,-0.004,1.033,0.14,0.56,1.05
2020-03-10 16:02:08.621385,0.009000000000000001,-0.004,1.035,0.14,0.56,0.98
2020-03-10 16:02:08.621414,0.012,-0.007,1.03,0.14,0.7000000000000001,1.05
2020-03-10 16:02:08.636781,0.011,-0.005,1.029,0.14,0.63,1.05
2020-03-10 16:02:08.647289,0.011,-0.004,1.027,0.21,0.49,1.05
2020-03-10 16:02:08.659228,0.011,-0.008,1.04,0.21,0.28,1.05
2020-03-10 16:02:08.664410,0.006,-0.002,1.047,0.21,0.56,1.05
2020-03-10 16:02:08.664446,0.012,-0.006,1.033,0.14,0.56,1.05
2020-03-10 16:02:08.664463,0.01,-0.002,1.037,0.21,0.42,1.05
2020-03-10 16:02:08.664479,0.013000000000000001,-0.008,1.026,0.14,0.35000000000000003,1.05
2020-03-10 16:02:08.679788,0.011,-0.005,1.025,0.14,0.7000000000000001,0.98
2020-03-10 16:02:08.684989,0.01,-0.005,1.032,0.21,0.42,1.05
2020-03-10 16:02:08.690174,0.011,-0.004,1.036,0.21,0.56,1.05
2020-03-10 16:02:08.690293,0.01,-0.005,1.029,0.21,0.49,1.05
2020-03-10 16:02:08.705871,0.011,-0.004,1.031,0.14,0.63,1.12
2020-03-10 16:02:08.721358,0.011,-0.007,1.027,0.14,0.7000000000000001,1.05
2020-03-10 16:02:08.736776,0.009000000000000001,-0.005,1.032,0.21,0.49,1.05
2020-03-10 16:02:08.742003,0.012,-0.007,1.028,0.21,0.56,1.05
2020-03-10 16:02:08.747166,0.01,-0.004,1.034,0.21,0.49,1.05
2020-03-10 16:02:08.752308,0.013000000000000001,-0.005,1.027,0.21,0.49,1.05
2020-03-10 16:02:08.757475,0.011,-0.007,1.028,0.21,0.49,1.05
2020-03-10 16:02:08.762671,0.013000000000000001,-0.005,1.03,0.21,0.49,1.05
2020-03-10 16:02:08.762901,0.011,-0.006,1.03,0.14,0.49,1.05
2020-03-10 16:02:08.762928,0.011,-0.007,1.032,0.14,0.63,1.05
2020-03-10 16:02:08.778244,0.01,-0.004,1.032,0.21,0.49,1.05
2020-03-10 16:02:08.783399,0.01,-0.005,1.031,0.21,0.56,0.98
2020-03-10 16:02:08.794010,0.012,-0.005,1.032,0.14,0.49,1.05
2020-03-10 16:02:08.804342,0.011,-0.006,1.03,0.14,0.42,1.05
2020-03-10 16:02:08.814626,0.011,-0.007,1.03,0.21,0.35000000000000003,1.05
2020-03-10 16:02:08.830011,0.005,-0.005,1.052,0.14,0.77,1.05
2020-03-10 16:02:08.850498,0.011,-0.007,1.032,0.21,0.56,1.05
2020-03-10 16:02:08.860885,0.009000000000000001,-0.005,1.032,0.14,0.56,0.98
2020-03-10 16:02:08.866109,0.011,-0.006,1.033,0.21,0.56,1.05
2020-03-10 16:02:08.876330,0.011,-0.005,1.031,0.21,0.49,1.05
2020-03-10 16:02:08.876380,0.012,-0.006,1.03,0.21,0.56,1.05
2020-03-10 16:02:08.876470,0.012,-0.006,1.031,0.14,0.56,1.05
2020-03-10 16:02:08.876494,0.01,-0.006,1.032,0.14,0.7000000000000001,1.05
2020-03-10 16:02:08.876508,0.01,-0.006,1.031,0.14,0.63,1.05
2020-03-10 16:02:08.891834,0.01,-0.005,1.032,0.21,0.49,1.12
2020-03-10 16:02:08.902249,0.013000000000000001,-0.005,1.0150000000000001,0.14,0.7000000000000001,1.05
2020-03-10 16:02:08.917604,0.013000000000000001,-0.005,1.027,0.21,0.49,0.98
2020-03-10 16:02:08.922804,0.012,-0.005,1.03,0.21,0.49,1.05
2020-03-10 16:02:08.927960,0.01,-0.006,1.032,0.14,0.56,1.05
2020-03-10 16:02:08.933106,0.01,-0.005,1.032,0.14,0.49,1.05
2020-03-10 16:02:08.938296,0.011,-0.006,1.03,0.14,0.56,1.05
2020-03-10 16:02:08.958828,0.011,-0.006,1.033,0.14,0.49,1.05
2020-03-10 16:02:08.958910,0.012,-0.006,1.027,0.21,0.35000000000000003,1.05
2020-03-10 16:02:08.958959,0.012,-0.006,1.033,0.21,0.49,1.05
2020-03-10 16:02:08.969390,0.012,-0.006,1.032,0.14,0.63,0.98
2020-03-10 16:02:08.969484,0.01,-0.005,1.032,0.21,0.49,1.05
2020-03-10 16:02:08.979745,0.01,-0.005,1.03,0.21,0.56,1.05
2020-03-10 16:02:08.979790,0.011,-0.006,1.029,0.21,0.56,1.05
2020-03-10 16:02:08.979827,0.01,-0.006,1.028,0.21,0.42,1.05
2020-03-10 16:02:09.112865,0.01,-0.004,1.022,0.21,0.56,1.05
2020-03-10 16:02:09.128249,0.013000000000000001,-0.007,1.03,0.21,0.56,1.05
2020-03-10 16:02:09.138641,0.009000000000000001,-0.003,1.034,0.14,0.7000000000000001,0.98
2020-03-10 16:02:09.144070,0.017,-0.009000000000000001,1.028,0.07,0.7000000000000001,1.05
2020-03-10 16:02:09.149252,0.01,-0.005,1.035,0.21,0.56,1.05
2020-03-10 16:02:09.154498,0.01,-0.005,1.03,0.21,0.49,1.05
2020-03-10 16:02:09.159822,0.01,-0.007,1.03,0.21,0.49,1.05
2020-03-10 16:02:09.165153,0.011,-0.006,1.031,0.14,0.56,1.05
2020-03-10 16:02:09.170266,0.011,-0.006,1.032,0.21,0.56,1.05
2020-03-10 16:02:09.170292,0.011,-0.006,1.032,0.14,0.49,1.05
2020-03-10 16:02:09.170373,0.011,-0.006,1.031,0.14,0.56,0.98
2020-03-10 16:02:09.185911,0.01,-0.007,1.029,0.14,0.56,0.98
2020-03-10 16:02:09.196148,0.012,-0.006,1.031,0.14,0.56,1.05
2020-03-10 16:02:09.196278,0.01,-0.005,1.031,0.21,0.56,1.05
2020-03-10 16:02:09.206570,0.011,-0.005,1.031,0.21,0.56,1.05
2020-03-10 16:02:09.211787,0.01,-0.006,1.032,0.21,0.56,1.05
2020-03-10 16:02:09.227091,0.011,-0.006,1.031,0.14,0.63,1.05
2020-03-10 16:02:09.232268,0.011,-0.006,1.03,0.14,0.56,1.05
2020-03-10 16:02:09.237470,0.011,-0.007,1.03,0.21,0.49,1.05
2020-03-10 16:02:09.237564,0.012,-0.006,1.031,0.14,0.56,1.05
2020-03-10 16:02:09.237585,0.011,-0.005,1.032,0.14,0.63,1.05
2020-03-10 16:02:09.244212,0.01,-0.006,1.032,0.14,0.56,1.05
2020-03-10 16:02:09.254482,0.011,-0.005,1.03,0.14,0.56,1.05
2020-03-10 16:02:09.254531,0.011,-0.006,1.031,0.14,0.56,1.05
2020-03-10 16:02:09.254545,0.012,-0.006,1.031,0.21,0.49,1.05
2020-03-10 16:02:09.264955,0.011,-0.005,1.032,0.14,0.56,0.98
2020-03-10 16:02:09.280289,0.011,-0.005,1.032,0.21,0.56,1.05
2020-03-10 16:02:09.291337,0.012,-0.005,1.032,0.14,0.56,1.05
2020-03-10 16:02:09.296554,0.011,-0.005,1.03,0.14,0.49,1.05
2020-03-10 16:02:09.301705,0.011,-0.006,1.031,0.14,0.56,1.05
2020-03-10 16:02:09.317016,0.011,-0.006,1.032,0.21,0.49,1.05
2020-03-10 16:02:09.322242,0.01,-0.006,1.031,0.14,0.56,0.98
2020-03-10 16:02:09.322306,0.01,-0.005,1.032,0.14,0.49,1.05
2020-03-10 16:02:09.322325,0.012,-0.006,1.031,0.14,0.49,1.05
2020-03-10 16:02:09.322454,0.011,-0.006,1.031,0.14,0.56,1.05
2020-03-10 16:02:09.322492,0.012,-0.005,1.031,0.14,0.56,0.98
2020-03-10 16:02:09.358824,0.011,-0.007,1.032,0.21,0.56,1.05
2020-03-10 16:02:09.358888,0.011,-0.005,1.032,0.21,0.56,1.05
2020-03-10 16:02:09.680554,0.011,-0.006,1.032,0.14,0.56,1.05
2020-03-10 16:02:09.842903,0.01,-0.006,1.032,0.21,0.56,1.05
2020-03-10 16:02:09.996403,0.01,-0.006,1.032,0.21,0.49,0.98
2020-03-10 16:02:10.148577,0.012,-0.006,1.032,0.21,0.56,1.05
2020-03-10 16:02:10.338853,0.012,-0.006,1.032,0.21,0.49,1.05
2020-03-10 16:02:10.550336,0.012,-0.006,1.03,0.14,0.49,1.05
2020-03-10 16:02:10.755285,0.011,-0.006,1.031,0.21,0.56,1.05
2020-03-10 16:02:10.949495,0.011,-0.006,1.032,0.21,0.56,1.05
2020-03-10 16:02:11.160665,0.011,-0.006,1.032,0.14,0.56,1.05
2020-03-10 16:02:11.352772,0.01,-0.005,1.031,0.14,0.49,1.05
2020-03-10 16:02:12.543862,0.011,-0.005,1.031,0.14,0.56,0.98
2020-03-10 16:02:12.671852,0.01,-0.006,1.031,0.14,0.49,1.05
2020-03-10 16:02:12.671894,0.011,-0.006,1.032,0.21,0.56,1.05
2020-03-10 16:02:12.671909,0.011,-0.006,1.032,0.14,0.56,1.05
2020-03-10 16:02:12.677068,0.01,-0.007,1.033,0.21,0.56,0.98
2020-03-10 16:02:12.677116,0.01,-0.005,1.031,0.14,0.56,0.98
2020-03-10 16:02:12.807032,0.012,-0.006,1.03,0.14,0.56,1.05
2020-03-10 16:02:12.950797,0.012,-0.007,1.03,0.14,0.63,1.05
2020-03-10 16:02:13.156504,0.011,-0.006,1.029,0.14,0.56,1.05
2020-03-10 16:02:13.350078,0.011,-0.006,1.031,0.14,0.56,0.98
2020-03-10 16:02:13.539340,0.011,-0.006,1.031,0.14,0.49,1.05
2020-03-10 16:02:13.746276,0.011,-0.006,1.031,0.14,0.56,1.05
2020-03-10 16:02:13.952561,0.011,-0.006,1.03,0.21,0.56,0.98
2020-03-10 16:02:14.140389,0.011,-0.006,1.03,0.21,0.56,1.05
2020-03-10 16:02:14.361372,0.012,-0.006,1.031,0.14,0.56,0.98
2020-03-10 16:02:14.540296,0.011,-0.007,1.031,0.14,0.56,1.05
2020-03-10 16:02:15.681006,0.011,-0.007,1.03,0.14,0.49,1.05
2020-03-10 16:02:15.820494,0.012,-0.006,1.032,0.21,0.49,1.05
2020-03-10 16:02:15.981268,0.01,-0.006,1.033,0.21,0.56,1.05
2020-03-10 16:02:16.136254,0.011,-0.006,1.031,0.21,0.49,1.05
2020-03-10 16:02:16.346407,0.012,-0.005,1.031,0.14,0.49,1.05
2020-03-10 16:02:16.561576,0.011,-0.006,1.031,0.21,0.56,1.12
2020-03-10 16:02:16.749197,0.012,-0.005,1.031,0.14,0.63,1.05
2020-03-10 16:02:16.943854,0.011,-0.005,1.031,0.14,0.56,1.05
2020-03-10 16:02:17.159666,0.011,-0.006,1.032,0.21,0.49,1.05
2020-03-10 16:02:17.428587,0.012,-0.006,1.032,0.14,0.49,1.05
2020-03-10 16:02:17.559563,0.011,-0.005,1.032,0.14,0.56,1.05
2020-03-10 16:02:17.742338,0.011,-0.006,1.03,0.14,0.56,1.05
2020-03-10 16:02:17.946217,0.011,-0.006,1.03,0.14,0.49,1.05
2020-03-10 16:02:18.171347,0.011,-0.005,1.031,0.14,0.49,1.05
2020-03-10 16:02:18.349737,0.011,-0.005,1.032,0.21,0.56,1.05
2020-03-10 16:02:18.559210,0.012,-0.006,1.033,0.14,0.49,1.05
2020-03-10 16:02:18.743882,0.011,-0.006,1.032,0.21,0.56,1.05
2020-03-10 16:02:18.952626,0.011,-0.006,1.031,0.14,0.56,1.05
2020-03-10 16:02:19.143369,0.012,-0.007,1.031,0.14,0.56,1.05
2020-03-10 16:02:19.354868,0.01,-0.006,1.03,0.21,0.56,1.05
2020-03-10 16:02:19.550792,0.011,-0.006,1.032,0.14,0.56,1.05
2020-03-10 16:02:19.748447,0.01,-0.005,1.033,0.14,0.49,1.05
2020-03-10 16:02:19.948280,0.011,-0.006,1.031,0.21,0.56,1.05
